ID_Image,pct_rouille,rugosite,saturation_moyenne,label_malade
IMG_20240210_161212.png,0.009920890560981267,78.41574081213903,151.65278314117063,0
IMG_20240210_161549.png,0.03790238836967809,82.96750117887959,117.29214461127172,0
IMG_20240210_161100.png,0.022713304652219223,73.59685363088319,103.53650783457488,0
IMG_20240210_161426.png,0.009251366394223538,82.930719312663,140.51981345471808,0
IMG_20240210_161108.png,0.0389948006932409,64.84580027923171,83.77508461622448,0
IMG_20240210_161652.jpg,0.026302660753880266,111.96415615666761,96.08684620682156,0
IMG_20240210_162158.png,0.004703497739202744,66.67019637317658,136.54243157698752,0
IMG_20240210_161557.png,0.013253043053089374,71.80439377512742,140.87984401657323,0
IMG_20240210_161445.jpg,0.032384563444657975,79.16894612624432,113.77603650664986,0
IMG_20240210_161331.png,0.048248606846355055,98.56366139508626,109.78793676366932,0
IMG_20240210_162013__01.jpg,0.04482522636344494,96.66839097645189,90.35928258576041,0
IMG_20240210_161559.png,0.00997773086155537,96.86221378977835,159.07259304829284,0
IMG_20240210_161559.jpg,0.0060581927813646574,98.11449151005732,154.64431376983677,0
IMG_20240210_161158.png,0.01432686286787727,80.4999153792902,155.26237679526895,0
IMG_20240210_162003.jpg,0.012239779282668672,65.925262800907,165.78917560031206,0
IMG_20240210_161646.jpg,0.009916538226655423,105.6827406838465,156.8477356006973,0
IMG_20240210_161036.png,0.02258088959612033,92.95699920287142,107.27089645339511,0
IMG_20240210_161823.png,0.015855246029679772,57.796225836074605,100.28380398445357,0
IMG_20240210_161639.png,0.03761020696268279,96.60546853424307,128.2243580026074,0
IMG_20240210_161933.png,0.00819261412035877,70.74454239283385,122.24706586144029,0
IMG_20240210_162112.png,0.03701825557809331,65.04892342601806,90.65388207822534,0
IMG_20240210_161040.png,0.06054065436550762,88.56319166724907,103.0485799475951,0
IMG_20240210_161055.png,0.011879988409767405,82.84792364231454,104.04419889502762,0
IMG_20240210_161934__01.png,0.01000301598471901,78.17403149590672,121.9419378361134,0
IMG_20240210_162151.png,0.00670634587978875,56.21685612333386,196.764089991347,0
IMG_20240210_161210.png,0.02647281065165846,107.30190396914399,130.74594384533177,0
IMG_20240210_161944.png,0.007075,88.25939377257218,178.76133154185746,0
IMG_20240210_161612.png,0.03104847676228597,90.69494204548751,116.74686987628559,0
IMG_20240210_161024.jpg,0.007247108731882228,90.18504967975974,147.18291553210005,0
IMG_20240210_162015.jpg,0.04032694737384937,89.7759339283955,113.43071136549469,0
IMG_20240210_162147.png,0.0020103473762010347,80.35577380198347,159.4054923925765,0
IMG_20240210_161445.png,0.03457727176892262,77.8422980609102,114.94588278143685,0
IMG_20240210_161956.png,0.009703625695802617,77.37259706756421,94.33771916856391,0
IMG_20240210_161111.jpg,0.0289606458123108,91.93084727289421,109.01816303692864,0
IMG_20240210_161416.jpg,0.01771106941838649,91.98501182804219,165.873140255202,0
IMG_20240210_162034.jpg,0.010413428660242462,53.64454758482248,146.7929340272166,0
IMG_20240210_161917.png,0.03404404431386291,90.82196550486515,130.7046719340433,0
IMG_20240210_161649.jpg,0.031376277632517234,84.8459372617245,80.1641869976026,0
IMG_20240210_161918.jpg,0.028202557031837553,78.72857500429005,124.3755484231913,0
IMG_20240210_161432.jpg,0.03174723634615871,97.52328341069382,114.50498171973989,0
IMG_20240210_161026.jpg,0.05602486651793548,83.00745103192111,136.60338183248132,0
IMG_20240210_161343__01.jpg,0.04988069249124232,72.43054646428357,119.67762577228596,0
IMG_20240210_161947.jpg,0.0014784458162577165,101.95480759579857,166.28459537831455,0
IMG_20240210_161335.jpg,0.10011677695601401,73.25636529573414,119.66901153311998,0
IMG_20240210_161940.png,0.0015696462883277855,77.12010267480998,136.3657559071583,0
IMG_20240210_161843.png,0.027259761577998438,94.11982329676255,114.395540296083,0
IMG_20240210_161501.png,0.005822154966785504,52.42952621144447,109.57055144968733,0
IMG_20240210_162111.jpg,0.04737913486005089,76.14837247278352,109.02659589895299,0
IMG_20240210_161846.jpg,0.022875042775540286,92.08363896996762,105.42246775903944,0
IMG_20240210_161841.png,0.04258366616168572,98.38412545855404,120.35679118609055,0
IMG_20240210_161925.jpg,0.012487048008714365,102.85029988348933,120.77012950885543,0
IMG_20240210_161858.png,0.008700666967554286,56.350040046801745,98.51660402615455,0
IMG_20240210_161911.png,0.006175,72.93827675645153,139.59060064498792,0
IMG_20240210_161936.png,0.009659648328428043,77.53021871058951,129.6308918634381,0
IMG_20240210_161229.png,0.07720890729092018,82.92002339771092,113.31713351864862,0
IMG_20240210_161543.png,0.024675396126760563,77.74883643768682,82.93085476025017,0
IMG_20240210_161046.png,0.055178425209329356,95.0518916408573,110.43791738807816,0
IMG_20240210_161459.jpg,0.05303478238515129,66.60885426824089,111.7307680663619,0
IMG_20240210_162005.png,0.02599648837757803,105.57709806730193,119.12455417431352,0
IMG_20240210_161453.png,0.026115674955595025,86.9657178756267,127.42417626042081,0
IMG_20240210_161642.png,0.063687320871484,101.79213678653362,128.73667907669397,0
IMG_20240210_161214.png,0.019548500663969612,93.60268677310016,131.00966326772587,0
IMG_20240210_161433.jpg,0.03567017066222995,69.23416365127217,92.48880243928083,0
IMG_20240210_162059.png,0.03303481559862699,75.61334643272065,92.75601808360733,0
IMG_20240210_161347.jpg,0.04619245147744149,71.73132532007122,111.6446942692624,0
IMG_20240210_161234.jpg,0.0636604774535809,91.86837561782608,115.24098743607551,0
IMG_20240210_161832.png,0.022125444260900035,67.69457619770586,136.37195669247168,0
IMG_20240210_161857__01.png,0.01476927786138816,49.21685584023052,100.7862724228343,0
IMG_20240210_161057.png,0.03231252759811943,85.62914641643737,113.92912020567397,0
IMG_20240210_162111.png,0.04857099033692929,75.3661041709476,109.79256514254034,0
IMG_20240210_161019.png,0.017465496950893333,81.64700791364135,104.8342571657793,0
IMG_20240210_161549.jpg,0.037057947954627114,84.23393839616153,115.60150560762021,0
IMG_20240210_161347.png,0.04816413012583654,70.87455212658661,112.33685520674872,0
IMG_20240210_161842.png,0.031052071072249315,95.6038024320558,110.90062721982922,0
IMG_20240210_161419.jpg,0.004353548648375013,72.74231875668856,138.38626448239,0
IMG_20240210_162000.jpg,0.012952776862436947,70.40039248758578,95.56917486752461,0
IMG_20240210_162145.jpg,0.0019242610837438424,71.83063519854636,183.43280544248034,0
IMG_20240210_161205.jpg,0.0116989829149757,85.24192429512202,151.1009630408227,0
IMG_20240210_161329.png,0.07410092807424594,94.64619148466426,107.05753367442831,0
IMG_20240210_161346.png,0.07389162561576355,75.65839981420007,107.82859358125883,0
IMG_20240210_161303.png,0.053301556147483525,112.1600965728663,131.92889026899041,0
IMG_20240210_161938.jpg,0.00315059861373661,55.848071093344785,109.91690030279241,0
IMG_20240210_161847.jpg,0.013905102861441877,98.1500362903105,116.3021659446851,0
IMG_20240210_161047.jpg,0.02773102287464474,102.65857326324539,100.31818627290843,0
IMG_20240210_161008.png,0.025717061199447826,95.38154758242105,152.94328670663242,0
IMG_20240210_161638.jpg,0.03522966495041469,78.84708875039169,120.75829370629371,0
IMG_20240210_161057.jpg,0.026652945716490867,86.475365732635,112.32602122487698,0
IMG_20240210_161921.jpg,0.03576770333694363,79.51795290887304,156.91714938267518,0
IMG_20240210_161825.png,0.0366120218579235,93.16730884385545,113.66901226412385,0
IMG_20240210_161349.png,0.07731542268457732,63.50798816410703,89.32564965665814,0
IMG_20240210_162112.jpg,0.03845381021751143,65.80686471343668,90.1700965373721,0
IMG_20240210_161847.png,0.01828568447412354,97.64558819884107,118.3548882728214,0
IMG_20240210_161041.jpg,0.045159074093647604,96.60622867794865,96.3917885585557,0
IMG_20240210_161301.png,0.061405938400177267,119.46738893144047,128.0720206654586,0
IMG_20240210_161234.png,0.06344968068707334,89.5397297620929,116.69600437172522,0
IMG_20240210_162013.jpg,0.0614688733756896,98.97663287117504,97.20035410540959,0
IMG_20240210_161228.jpg,0.060737876590945705,83.28742293062967,108.45140901523094,0
IMG_20240210_161453.jpg,0.02597472438827642,89.04808827135714,125.41432981316004,0
IMG_20240210_161329.jpg,0.07439131871763799,98.80225965741629,105.46351589225813,0
IMG_20240210_162044.png,0.005268814385698184,68.75358164908299,142.39137211244085,0
IMG_20240210_161327.png,0.04973602977237977,104.74658669892322,99.4650141086545,0
IMG_20240210_161051.jpg,0.02703671462952532,109.3792051518389,101.45032277897326,0
IMG_20240210_161046.jpg,0.048141913764081314,96.63866150359493,108.58141517476555,0
IMG_20240210_161024.png,0.010880040578239918,89.82706537506188,148.6813880126183,0
IMG_20240210_161651.png,0.031947075287665036,102.69325696335451,99.34753131908622,0
IMG_20240210_161656.jpg,0.027956705385427667,99.37913487473384,109.57100779864109,0
IMG_20240210_162013__01.png,0.043737412225790646,94.2689628856934,91.79431731628969,0
IMG_20240210_161156.png,0.04498708141243224,87.2647309150475,142.57703927492446,0
IMG_20240210_162043.png,0.01124313955347152,78.84812370152237,132.2137084239975,0
IMG_20240210_161957.png,0.024470983677522855,80.81907302784788,81.35081299519521,0
IMG_20240210_161941.png,0.005329593267882188,72.26818390236981,158.41196872034814,0
IMG_20240210_162054.jpg,0.02547228825222069,78.01679001739977,93.94510434342533,0
IMG_20240210_161652.png,0.035468501852832186,108.2361551929261,99.11106931959227,0
IMG_20240210_161305.jpg,0.022479793444095196,71.05457514053244,137.5933620471244,0
IMG_20240210_161909.jpg,0.003625,75.25900522570174,153.377887835214,0
IMG_20240210_161201.png,0.010007441430807524,74.08741572815558,127.33887459807075,0
IMG_20240210_161827.png,0.02603229256332003,85.88595444679677,115.56203767914933,0
IMG_20240210_161928.jpg,0.04422207060369444,66.45201835837675,115.16461284824098,0
IMG_20240210_162105.jpg,0.020598172944562634,82.11200743995657,132.87046632124353,0
IMG_20240210_162053.jpg,0.019052679520267193,81.69072515460348,94.68053058216654,0
IMG_20240210_161102.png,0.016357597564350956,84.85390265927383,98.56198838592319,0
IMG_20240210_161924.png,0.038327259753828904,84.05419714130188,118.20097913642445,0
IMG_20240210_161819.jpg,0.029944614110461204,73.25463339410526,115.94293315026174,0
IMG_20240210_162116.png,0.05310705842620736,77.49881129896413,91.94442525559546,0
IMG_20240210_161959.jpg,0.031118587047939444,97.16032994727559,85.56960523362088,0
IMG_20240210_161017.png,0.05198099102947459,101.21796585122668,116.01370558375635,0
IMG_20240210_161945.jpg,0.002646041115408101,92.84389674999818,178.529398274231,0
IMG_20240210_161958.jpg,0.015006263261497559,88.50989000100002,81.06478220868627,0
IMG_20240210_161849.jpg,0.026892990439184007,94.63976730323922,127.16856078105269,0
IMG_20240210_161020.jpg,0.021184026518879163,70.27462724540231,155.16624522199353,0
IMG_20240210_161640.jpg,0.05207600281491907,97.48683869494822,126.2219915832575,0
IMG_20240210_161436.jpg,0.04073309372689964,70.12140672603088,90.56120885507477,0
IMG_20240210_161821.png,0.020495710200190656,54.95840143568338,115.57504810776139,0
IMG_20240210_161017.jpg,0.04813555803513506,103.70121058932497,114.34621228565227,0
IMG_20240210_161011.png,0.01446275712278012,84.38177561773806,148.59438641895431,0
IMG_20240210_161933.jpg,0.006481481481481481,71.13575366537749,121.35842568911623,0
IMG_20240210_161202.jpg,0.011843097812421424,70.61412269366029,130.40480274442538,0
IMG_20240210_161940.jpg,0.0013726651235398612,77.74794243939448,134.60000692928662,0
IMG_20240210_161213.jpg,0.003417525497944145,93.00751653924787,156.27660564175832,0
IMG_20240210_161007.jpg,0.016498952852837513,100.3297588592575,155.0846260601388,0
IMG_20240210_161011.jpg,0.01272671848803536,84.70499637255361,147.5030221213144,0
IMG_20240210_161840.png,0.024242424242424242,98.1467300897292,111.63821398124468,0
IMG_20240210_161838.jpg,0.04018462501303849,102.24571491565759,131.7563296140595,0
IMG_20240210_161452.png,0.033195469413132214,88.23239773815071,129.12523595853318,0
IMG_20240210_161005.png,0.019590382902938557,98.3641554373672,138.60796214381236,0
IMG_20240210_161108.jpg,0.035161708289931655,65.36940187557362,82.8508989039084,0
IMG_20240210_161152.jpg,0.04720297278296676,79.26120619915778,122.6324734181628,0
IMG_20240210_161317.jpg,0.049328318108543795,123.42042144337408,120.81045293726136,0
IMG_20240210_161157.jpg,0.017021702670905404,83.42099457484888,156.29426262394682,0
IMG_20240210_161042.png,0.05600105513057241,76.5646149248983,97.54729038854806,0
IMG_20240210_162033.png,0.015498234548933992,55.3222944061838,146.0469810215961,0
IMG_20240210_161638.png,0.031312870776373486,77.28740284745624,121.67689074436966,0
IMG_20240210_161846.png,0.02380449141347424,91.2811669319034,107.25946911163766,0
IMG_20240210_161423.png,0.01953385697417732,70.05537021455524,131.36329987101115,0
IMG_20240210_162027.png,0.002635012407582696,58.75516904316163,200.67424181803634,0
IMG_20240210_162113.jpg,0.024024175270712666,68.29515720600892,78.165180975172,0
IMG_20240210_161047.png,0.03866685496398814,100.37346756212895,102.59406628299266,0
IMG_20240210_162110.png,0.0375234521575985,83.59147874583394,113.43603464274668,0
IMG_20240210_162148.jpg,0.0033297474514625276,69.65307019968371,189.90028336256916,0
IMG_20240210_162157.png,0.0013211717777382556,69.45134107536899,186.88988270580043,0
IMG_20240210_162025.png,0.0007516348057024027,67.2347537858033,192.9136100124614,0
IMG_20240210_161451.jpg,0.01462913613146791,89.34545650481815,117.35905074994864,0
IMG_20240210_161922.png,0.07018796704838175,91.00304480871452,118.58975898190113,0
IMG_20240210_161343.png,0.05157082069967131,69.94110031054157,123.78280249615042,0
IMG_20240210_161217.jpg,0.03307021616880772,105.451028468611,117.2526121027427,0
IMG_20240210_162113.png,0.02796496807248681,67.8355313866567,79.2549307595468,0
IMG_20240210_161152.png,0.05088885531550587,78.872483380117,123.68684686788487,0
IMG_20240210_161601.jpg,0.0031345565749235473,75.41172575301967,113.25628704710462,0
IMG_20240210_161110.jpg,0.026039058587881823,81.40967654229289,97.84166012729968,0
IMG_20240210_161609.jpg,0.027218902472452167,93.25747997195819,88.50530534351145,0
IMG_20240210_161831.jpg,0.019015212169735788,63.41112253075105,131.4494774469943,0
IMG_20240210_161432.png,0.038755318603578205,95.9010811977013,115.8237761450328,0
IMG_20240210_161919.jpg,0.03473901203776754,78.40738830777688,140.67172720769415,0
IMG_20240210_161825.jpg,0.02985998298135685,94.05080532740219,112.37894166619148,0
IMG_20240210_162102.jpg,0.013912203062210693,82.67079741759412,93.604872287022,0
IMG_20240210_161547.png,0.041475956376787027,104.67309629735142,103.76000595149532,0
IMG_20240210_161651.jpg,0.026571158264630357,105.5729518855722,96.8805195734631,0
IMG_20240210_161325.jpg,0.05345637217429289,107.28017904518404,111.7917877661372,0
IMG_20240210_161611.jpg,0.029594721960414704,91.94430536651552,110.79310344827586,0
IMG_20240210_162151.jpg,0.005582557978058603,56.887898158338324,194.9902759451552,0
IMG_20240210_161849.png,0.03075852111586655,93.97439149407083,128.9802755844558,0
IMG_20240210_161203.png,0.011303824753120457,76.89648101082423,148.32605926336194,0
IMG_20240210_161207.jpg,0.020497657052647406,75.01038657343328,119.37576971804013,0
IMG_20240210_162033.jpg,0.013143719026071967,55.608707014729056,145.0012322015334,0
IMG_20240210_162006.png,0.03667728237791932,105.36072084160169,116.5220848056537,0
IMG_20240210_161642.jpg,0.05871725383920506,103.00971961464049,127.33231159185358,0
IMG_20240210_161422.png,0.01118464932532964,70.49474668402968,140.2399791775117,0
IMG_20240210_162150.png,0.004011189106454848,58.91623363562017,191.91924813310996,0
IMG_20240210_162025.jpg,0.0003257247375410288,67.51929255249541,192.31453861353978,0
IMG_20240210_162026.png,0.0031341412452987882,64.78065347601695,191.43287207003672,0
IMG_20240210_161345.png,0.05119817421072651,69.02553695839408,97.59408646678814,0
IMG_20240210_161600.jpg,0.0004115332184469765,78.5581182590245,139.90097819917872,0
IMG_20240210_161153.png,0.006505842246337211,70.99920907762382,93.55547088334286,0
IMG_20240210_161636__01.jpg,0.01463812021078893,65.52177732126745,125.48309084851178,0
IMG_20240210_162040.jpg,0.03822298030702435,89.33386676265688,122.34852095446891,0
IMG_20240210_161851.png,0.033925265326344885,83.92699662906821,123.01941444100997,0
IMG_20240210_161555.jpg,0.0239919608089436,80.40603522952358,167.72568526712797,0
IMG_20240210_161611.png,0.030235255135851558,90.69749029436142,112.69140508221226,0
IMG_20240210_161419.png,0.0065067100447336315,72.15134400029038,139.69455275563055,0
IMG_20240210_161945.png,0.004686373467916366,91.69587811585737,181.64097492874177,0
IMG_20240210_161826.png,0.018348867468599803,86.9397309359638,117.43953354448604,0
IMG_20240210_161949.png,0.0022036618875316267,92.42319320486071,143.41066743341838,0
IMG_20240210_161022.jpg,0.011962082455612399,100.19562443514575,152.71031746031747,0
IMG_20240210_162035.png,0.010341368044658246,57.67623275659461,147.43673483115836,0
IMG_20240210_161431.png,0.038808618504435996,70.93392240215692,124.81337471939695,0
IMG_20240210_161009.png,0.015415481511580658,65.93547740801777,167.98883687432482,0
IMG_20240210_161249.jpg,0.03487376979032948,110.32035082511193,127.51009934381759,0
IMG_20240210_161848.png,0.034617692327759374,91.89106695126036,128.5402543720191,0
IMG_20240210_161911.jpg,0.003375,73.25013928722711,138.26585447263017,0
IMG_20240210_161259.png,0.049824642763977856,109.47705923213991,123.4987784853218,0
IMG_20240210_162019.png,0.04604791278152345,86.72406475761564,113.93240443595889,0
IMG_20240210_161554.jpg,0.03362565772989226,89.76392533034728,185.55150148033272,0
IMG_20240210_161639.jpg,0.04073773283382673,97.8056637102268,126.79541446208113,0
IMG_20240210_161656__01.jpg,0.017789655544757584,117.74696305424281,107.48632024737833,0
IMG_20240210_161323.jpg,0.0711058784875284,94.76155640512701,105.86040751626433,0
IMG_20240210_161613.jpg,0.03439139695568601,95.7541945621509,127.88699062233589,0
IMG_20240210_161026.png,0.06611861125776203,82.61762598062849,137.64854834039642,0
IMG_20240210_161154.png,0.016548397826810068,79.41500912996891,96.35015247145593,0
IMG_20240210_161204.png,0.010762151424476351,83.64231611328742,152.72010954839814,0
IMG_20240210_161249.png,0.037768994290733424,109.43187022929088,129.914131978178,0
IMG_20240210_161942.png,0.01959011452682339,81.63607816775847,162.42797149025523,0
IMG_20240210_161346.jpg,0.07281073267226294,77.28311402527231,107.00228670986007,0
IMG_20240210_162147.jpg,0.0011409513779182027,80.97890098172005,156.32889310458594,0
IMG_20240210_161325.png,0.06039645719105863,104.43415776080307,113.97132342730177,0
IMG_20240210_161233.jpg,0.047449900837699434,71.87135934613045,99.88831160124694,0
IMG_20240210_161041.png,0.04868520314689083,93.81306655891042,97.8726428778648,0
IMG_20240210_162103.png,0.019142857142857142,91.42753302461519,103.02160389478667,0
IMG_20240210_161850.png,0.026809441925902767,87.63333586409478,120.75424640563362,0
IMG_20240210_161348.png,0.04984225524119682,57.91623237559987,110.33263152212055,0
IMG_20240210_161212.jpg,0.007740215803367763,79.082410989744,150.5204811354358,0
IMG_20240210_161107.jpg,0.03079782958199357,70.94443304677107,90.24682605111295,0
IMG_20240210_161236.png,0.051767604423308314,81.03971293598802,100.48678427925665,0
IMG_20240210_161322.jpg,0.07504633343475976,87.14763814277067,107.16731300118312,0
IMG_20240210_161059.png,0.03319126953377244,75.25731856939892,117.94950768491834,0
IMG_20240210_161459.png,0.04652918814768526,65.1919965051348,112.52853202574317,0
IMG_20240210_161236__01.jpg,0.04492365542388332,69.73957081859857,95.64559019537727,0
IMG_20240210_161857__01.jpg,0.012282758269201366,49.699322651421724,100.17867427681931,0
IMG_20240210_161914.png,0.007075712680085828,98.68648393167578,168.02780449681376,0
IMG_20240210_161957.jpg,0.019946337265225534,81.61741198998803,80.14771395076201,0
IMG_20240210_161838.png,0.03582667634955217,100.2161947335068,134.04335128820819,0
IMG_20240210_162116.jpg,0.04991621109310184,77.55106783057361,90.11684472216623,0
IMG_20240210_162014.jpg,0.0428380901573753,97.1166861087117,90.0421511627907,0
IMG_20240210_161600.png,0.001725736657737482,78.13035778834866,141.2497825068594,0
IMG_20240210_161048.jpg,0.05148105031690596,75.9654470431449,91.4274394123431,0
IMG_20240210_161322.png,0.0750014291430858,84.75265319733631,108.01258414803289,0
IMG_20240210_162109.png,0.040647906094622994,86.32079994630558,102.58876924446027,0
IMG_20240210_161235.png,0.051655364978061426,96.80968308766698,115.87712258851475,0
IMG_20240210_161036.jpg,0.018330860720661823,93.68113447488065,106.15620291310898,0
IMG_20240210_161229.jpg,0.07462373485762232,84.07358940436194,112.336818250491,0
IMG_20240210_161550.png,0.04232110548810866,85.47785442563588,110.93027113430045,0
IMG_20240210_161020.png,0.022372297984407187,70.10684862407335,156.93552217538442,0
IMG_20240210_162004.png,0.006153846153846154,63.40792962451422,156.11949105661074,0
IMG_20240210_161635.png,0.03359121034196003,89.39372837513267,136.3577696258254,0
IMG_20240210_161204.jpg,0.009421873822265772,83.97857404751679,152.04537680994184,0
IMG_20240210_161654.png,0.02587000809309854,93.53535222688309,116.17517766869368,0
IMG_20240210_162127.png,0.020567667626491155,63.12967080742758,90.70216756341276,0
IMG_20240210_161448.jpg,0.023860380307371712,75.56057113070469,102.36405068200918,0
IMG_20240210_161157.png,0.018702835510316644,83.03204948059357,157.14237735740736,0
IMG_20240210_161542.jpg,0.025224719101123595,88.98395214404486,84.78247657634844,0
IMG_20240210_161820.jpg,0.012352127020604288,75.5870665786274,107.10596804511279,0
IMG_20240210_161850.jpg,0.023949460166222198,88.07703821010101,119.03906021512364,0
IMG_20240210_162040.png,0.04534476042072458,88.96466226895049,123.88524695112193,0
IMG_20240210_161544.png,0.030733215282571506,107.98878152229821,93.87413675343402,0
IMG_20240210_161200.png,0.010445175383533784,65.95244328850659,123.134831768281,0
IMG_20240210_161908.png,0.010126074642203674,78.27553559204759,172.67259923527632,0
IMG_20240210_161035.png,0.011959764500884441,79.38396772244997,104.65670717800006,0
IMG_20240210_161839.png,0.046015102949964685,94.79139614198938,127.35389942291839,0
IMG_20240210_161007.png,0.017803772029269298,99.80744427741907,156.45843805268547,0
IMG_20240210_162127.jpg,0.01903666794429539,63.73645165401138,89.79552000980573,0
IMG_20240210_161843.jpg,0.023638096246492667,95.02041076787349,112.15254609306409,0
IMG_20240210_161554.png,0.038557182688201755,89.26858985087613,186.89680673221318,0
IMG_20240210_161636__01.png,0.012959737731789775,64.5814553525607,126.11361919946295,0
IMG_20240210_162056.jpg,0.02083756345177665,81.58656888159426,89.11347349718685,0
IMG_20240210_161818.jpg,0.0352139341158652,80.22788278307455,109.46570692883896,0
IMG_20240210_161423.jpg,0.01828971938710255,70.32860787626393,130.18468795355588,0
IMG_20240210_161203.jpg,0.009643805420570112,77.28365481385953,147.8061444782729,0
IMG_20240210_161645.jpg,0.01102614262849013,98.64183569407764,165.68064875360497,0
IMG_20240210_161014.jpg,0.05450509271350222,89.08274715536535,109.15907682775712,0
IMG_20240210_162145.png,0.0045651501083255955,71.33048751744072,185.23589541969727,0
IMG_20240210_162101.jpg,0.015464047986636633,82.270574158993,115.27915705190581,0
IMG_20240210_161934.jpg,0.0074233051382401214,79.25135449196614,113.65063186732259,0
IMG_20240210_162154.jpg,0.010815953531458903,94.6718185884333,152.59579998831708,0
IMG_20240210_161547.jpg,0.03979855723424527,106.78694165224799,101.59996378123869,0
IMG_20240210_161220.png,0.011011595158957704,101.28815868469978,149.45681028595183,0
IMG_20240210_162148.png,0.005599938349302576,69.3362060022784,191.3463536031162,0
IMG_20240210_161832.jpg,0.01895,68.00310507901844,135.50263275823437,0
IMG_20240210_161259.jpg,0.04629706591305793,113.14560592216232,120.45236534680187,0
IMG_20240210_161235.jpg,0.053954359016709336,100.14148612121907,114.46033830472439,0
IMG_20240210_161941.jpg,0.0047789725209080045,72.61812733495054,157.00774034083517,0
IMG_20240210_161918.png,0.032327151783914536,78.42891984034569,125.3495332072796,0
IMG_20240210_162015.png,0.048148632735836715,89.01095000066826,115.06057603382217,0
IMG_20240210_161227.jpg,0.0654675887696119,84.72785803051025,109.1197042425688,0
IMG_20240210_161446.jpg,0.043983703972805356,79.08581113395921,107.30426721779831,0
IMG_20240210_161912.jpg,0.004192712303704833,91.88149569358153,168.2389729287295,0
IMG_20240210_161919.png,0.03735646848685889,77.92423780781594,141.5626478169594,0
IMG_20240210_162043.jpg,0.005620633503178022,80.57452970982074,129.91736017623302,0
IMG_20240210_161449.jpg,0.018388625592417062,78.09700651435858,117.76601988675597,0
IMG_20240210_162014.png,0.047771051183269124,94.63612465249926,91.52049957496894,0
IMG_20240210_161158.jpg,0.013088415626016666,80.86665368306807,154.67992360408942,0
IMG_20240210_162110.jpg,0.03703990701278574,84.53148100902857,112.52880127732743,0
IMG_20240210_161056.jpg,0.011721028904799789,83.94842929358094,108.20558193557203,0
IMG_20240210_161444.jpg,0.022827403189652953,79.36396907747688,112.2298057036325,0
IMG_20240210_162016.jpg,0.06078063140797889,77.00302495140772,116.89643224196153,0
IMG_20240210_161236__01.png,0.044189947365376826,68.2951799623015,96.56282068148927,0
IMG_20240210_161640.png,0.0558376923467574,96.82247430445658,127.40180793546357,0
IMG_20240210_161008.jpg,0.026205636875618357,96.17747970848953,151.4724256041228,0
IMG_20240210_161003.jpg,0.03154061771409111,94.46136086077331,136.3324674436887,0
IMG_20240210_161949.jpg,0.0011796879189232667,93.50646518508205,140.46373213208952,0
IMG_20240210_161830.jpg,0.01779960914804838,62.529460467590475,113.58452044523905,0
IMG_20240210_161956.jpg,0.009034034034034034,78.01679451012654,93.41967493080502,0
IMG_20240210_162035.jpg,0.008223895556526433,58.074610936171624,146.33753224563637,0
IMG_20240210_161101.jpg,0.013531536537927201,75.34183085705106,92.72208548549243,0
IMG_20240210_161917.jpg,0.03369833231699234,91.67649713515469,129.06773232186399,0
IMG_20240210_162041.jpg,0.015053198476290556,78.73495386208891,142.61269707292075,0
IMG_20240210_161111.png,0.03610575459250989,91.36782808410568,110.41310672619905,0
IMG_20240210_161433.png,0.03927377696748709,68.6512914069493,93.2866124260355,0
IMG_20240210_162157.jpg,0.0006337938902268982,69.68699026986135,185.78686549582352,0
IMG_20240210_161237.png,0.03240668679762164,70.4727975257005,94.59693877551021,0
IMG_20240210_162057.jpg,0.01235,57.47853918882198,76.78807982167498,0
IMG_20240210_161550.jpg,0.03991422961661672,87.28887995265845,109.27214963307678,0
IMG_20240210_161823.jpg,0.014938921596597246,58.614635826641866,99.69301545206072,0
IMG_20240210_161236.jpg,0.056677578649503416,84.20027129323138,99.80716505209286,0
IMG_20240210_162003.png,0.015628135661248245,65.58934166720283,166.610254623581,0
IMG_20240210_161448.png,0.02469363552510212,74.87957862646894,103.69317738791423,0
IMG_20240210_161044.png,0.0448385053831539,82.51595358901623,108.16620996746018,0
IMG_20240210_162013.png,0.05975835419614673,95.32478661817119,98.59291860999802,0
IMG_20240210_161817.jpg,0.031020925808497146,76.47960866830982,108.71189919607731,0
IMG_20240210_161051.png,0.031450962014111274,108.56798632411842,103.20657714783042,0
IMG_20240210_161351.png,0.08145688492269379,86.20473158536292,114.05775470473718,0
IMG_20240210_161055.jpg,0.009050829875518673,82.73680836412034,101.54182138586444,0
IMG_20240210_161612.jpg,0.030699260943718023,93.043856858131,114.84807347506312,0
IMG_20240210_161327.jpg,0.04083398685740555,109.99321904444302,96.90534392612209,0
IMG_20240210_161645.png,0.015947900107686784,98.03375319700586,168.08269852262234,0
IMG_20240210_161009.jpg,0.014836870126920846,66.71762458056648,166.85322215472968,0
IMG_20240210_161005.jpg,0.01594496587030717,98.49414757227512,137.35634972154838,0
IMG_20240210_161656__01.png,0.02247858172873017,114.57966545357836,110.15105374260304,0
IMG_20240210_161544.jpg,0.02996875950346963,112.80493977691751,91.45970418470418,0
IMG_20240210_161427.jpg,0.00648992683171294,61.501018121822995,140.64591059925826,0
IMG_20240210_162128.png,0.025468089389973827,75.62304494522574,93.22396406580005,0
IMG_20240210_162027.jpg,0.0017107547747931774,59.248061478756206,199.32129176420514,0
IMG_20240210_161451.png,0.012314297011805909,87.83207142118744,118.81802715183501,0
IMG_20240210_161944.jpg,0.005425,88.4867541968573,177.79588481876215,0
IMG_20240210_161210.jpg,0.022269110506647684,108.53750359136998,128.5072523697436,0
IMG_20240210_162105.png,0.027230634463771743,81.83028212248561,133.93127147766322,0
IMG_20240210_161233.png,0.043992819982354193,69.49879239339536,100.79194400603856,0
IMG_20240210_161112.png,0.030340231497720097,69.34820171931321,86.8109450108288,0
IMG_20240210_161105.jpg,0.036458857891026285,78.06654760490221,96.56884047584921,0
IMG_20240210_161656.png,0.032364399160922985,98.57359796514392,110.97290423223006,0
IMG_20240210_162038.jpg,0.014653223963227265,76.14392578682914,101.42350719163156,0
IMG_20240210_161859.jpg,0.01415,69.86799529188022,110.933281229647,0
IMG_20240210_161924.jpg,0.03220746363061353,84.7546670452338,116.99725694248063,0
IMG_20240210_161156.jpg,0.0395247944307118,88.2143095066016,141.75869490358127,0
IMG_20240210_161159.jpg,0.008875,70.87620376767075,136.79425586023882,0
IMG_20240210_161818.png,0.03560060098296366,78.94835562385913,110.47543937380003,0
IMG_20240210_162101.png,0.018106202769183954,81.78519984854657,116.27089136490251,0
IMG_20240210_161056.png,0.014518365460427939,82.53721173103355,109.77297128805458,0
IMG_20240210_161839.jpg,0.046910665092483275,96.65472887042591,125.49781757494063,0
IMG_20240210_161455.png,0.006784001743679163,71.45562423299103,103.35240131578948,0
IMG_20240210_162034.png,0.01022473659625266,53.24864140173203,147.9501445321381,0
IMG_20240210_162054.png,0.029814847292861976,77.70874504744313,94.94242541881924,0
IMG_20240210_161213.png,0.0067343695283247585,92.44633152174202,158.465228059561,0
IMG_20240210_161858.jpg,0.0091366492277654,56.79691240298315,97.95093776531426,0
IMG_20240210_161830.png,0.018439373168830472,60.83862246847334,114.54728018859687,0
IMG_20240210_161429.png,0.04128812871136375,79.79245923863687,118.81571725571726,0
IMG_20240210_161828.jpg,0.028285388417184133,79.83878387641128,98.122874068412,0
IMG_20240210_161230.png,0.08139065903041058,97.50632975281735,115.19425654900996,0
IMG_20240210_161218.jpg,0.02813243886604631,111.63550826533866,113.90300099559096,0
IMG_20240210_162150.jpg,0.0032793766560852114,59.549836288346235,190.17639107907186,0
IMG_20240210_161350.png,0.047303166706151784,85.055919445982,102.36329165219405,0
IMG_20240210_161253.jpg,0.05028806798925937,130.17320472058682,116.83908535719358,0
IMG_20240210_162018.png,0.04292615596963423,73.12538180836435,110.83034813758564,0
IMG_20240210_162144.jpg,0.03378632029431639,82.7652447387658,173.74277582000542,0
IMG_20240210_161331.jpg,0.04774349993264179,103.70324035958276,108.03469138186266,0
IMG_20240210_161301.jpg,0.05244680280859731,121.99201264179409,124.49294148321972,0
IMG_20240210_161601.png,0.0036422397209326185,75.17404654398672,114.68343528088307,0
IMG_20240210_161016.png,0.06970419105838471,83.47222186947673,119.44034597550827,0
IMG_20240210_161851.jpg,0.029049614568782658,84.38592682116673,120.95141672425709,0
IMG_20240210_161826.jpg,0.011983601387574897,87.34983237362431,115.90938740782757,0
IMG_20240210_161045.jpg,0.04874423759981863,95.49492930787216,111.04276615104641,0
IMG_20240210_161649.png,0.037413779221127784,83.68351770733324,81.47954951734,0
IMG_20240210_161303.jpg,0.04721251050220885,115.25150429303024,128.27228743952293,0
IMG_20240210_161444.png,0.02744416487250655,78.43610383280988,113.40283791691047,0
IMG_20240210_161936.jpg,0.005250596658711217,77.74090548236646,128.69241167988466,0
IMG_20240210_161449.png,0.01678709783773388,76.4054888402042,119.43056431826147,0
IMG_20240210_161429.jpg,0.03813292335610051,80.53475320776748,118.01599161818633,0
IMG_20240210_161253.png,0.06277411543118526,127.9333544898309,119.9724140450875,0
IMG_20240210_161436.png,0.03986633509480883,68.70459501381033,91.0012604253265,0
IMG_20240210_161644.png,0.02097938011966207,108.3500040776556,156.8449753837243,0
IMG_20240210_161452.jpg,0.03565333823413584,89.75805393079833,127.64159615267548,0
IMG_20240210_161431.jpg,0.03691980451242055,71.37879775605477,123.99596227771785,0
IMG_20240210_161827.jpg,0.021890264388907555,86.35066315509681,113.87863883328568,0
IMG_20240210_161201.jpg,0.008357400260689549,74.50707574064663,126.30904248491849,0
IMG_20240210_162128.jpg,0.01830016272374515,76.13930538319714,92.15687613167503,0
IMG_20240210_162053.png,0.024385902456390173,81.47027033446676,96.02958439556531,0
IMG_20240210_161106.png,0.041458742880185494,78.3417820374,94.84886570907433,0
IMG_20240210_161501.jpg,0.005706535646655407,52.87811539234138,108.96638321995465,0
IMG_20240210_161059.jpg,0.02839990764257677,75.4483151808494,116.63097616988279,0
IMG_20240210_161202.png,0.013348780979246423,70.2230638966006,131.0930359085963,0
IMG_20240210_161218.png,0.03302741898934965,110.04645795452838,116.9151528336778,0
IMG_20240210_161348.jpg,0.05166965797922091,58.49806011468887,109.84882785258301,0
IMG_20240210_162005.jpg,0.025951601680282453,106.19423070520016,117.33687066419397,0
IMG_20240210_161644.jpg,0.01484428800979417,108.65254322214632,155.24607783652596,0
IMG_20240210_161542.png,0.02502244490138724,86.8269750644692,86.56627608934457,0
IMG_20240210_161539.jpg,0.02440305107229715,95.88776741081035,89.47208102571884,0
IMG_20240210_161220.jpg,0.008627845554018363,101.35330173126664,148.12865913337487,0
IMG_20240210_161345.jpg,0.049204671297694555,69.82493087065274,96.70238683127572,0
IMG_20240210_161641.png,0.01919962988665279,85.9870620980666,126.7544546641168,0
IMG_20240210_162011.jpg,0.0047485144312393885,90.37156914355218,77.28864121128369,0
IMG_20240210_161102.jpg,0.014250442810369813,86.19608265472031,96.95314979645346,0
IMG_20240210_162158.jpg,0.0040200223046398835,66.98316531645345,135.09948167345428,0
IMG_20240210_162041.png,0.02031918828938329,78.22161358011984,143.97013740458016,0
IMG_20240210_161107.png,0.03302005327436297,70.54548809267993,91.37435008665511,0
IMG_20240210_161014.png,0.052875646287511326,87.0153423128788,110.60506602336211,0
IMG_20240210_161105.png,0.037694577271339916,77.46858179391,97.67195431472081,0
IMG_20240210_161110.png,0.032489886172324546,81.19409202768468,99.52695606511465,0
IMG_20240210_161050.png,0.03536880290205562,74.7185991365162,112.71342616468971,0
IMG_20240210_162011.png,0.007041490629400932,87.32718358131017,79.17930865257799,0
IMG_20240210_161604.png,0.011289469042159111,80.66250201359722,171.87920529036356,0
IMG_20240210_161934__01.jpg,0.006518251103088648,78.58406805703545,120.8772909333657,0
IMG_20240210_161654.jpg,0.026661577885611472,95.0979982679387,114.24434111880046,0
IMG_20240210_161840.jpg,0.02357697107819198,101.85941675867501,109.22435432009128,0
IMG_20240210_161908.jpg,0.008305190744215134,78.51284843775005,171.8255648168458,0
IMG_20240210_161343__01.png,0.05045155678358534,71.6157346368205,120.44927375232594,0
IMG_20240210_161557.jpg,0.010913003381494006,72.21772990263513,139.6140020072382,0
IMG_20240210_161305.png,0.026909378709932725,70.07077411318642,139.16528115584273,0
IMG_20240210_161913.jpg,0.004079977699500773,99.14313594410277,170.65783794968814,0
IMG_20240210_161022.png,0.015877801226007435,99.81911429336363,153.76996474341038,0
IMG_20240210_161539.png,0.02578120504114634,94.01859062697925,91.4464548624564,0
IMG_20240210_161912.png,0.006802027870481237,91.44736237956093,169.6898605329525,0
IMG_20240210_161555.png,0.02539386923038204,79.99820304244108,168.78134206219312,0
IMG_20240210_162006.jpg,0.03682829909357713,107.1000120267628,114.91280891054647,0
IMG_20240210_162000.png,0.011794675837472934,69.55513269481116,96.17859976805225,0
IMG_20240210_161938.png,0.005648862662026529,55.429786374308215,110.62983223924142,0
IMG_20240210_161857.png,0.016946953181770995,54.81401913893912,104.96989763540546,0
IMG_20240210_162102.png,0.019937982112195995,82.15055311440076,95.23850931677019,0
IMG_20240210_161035.jpg,0.009760287342859374,79.97128332259012,103.56948747740769,0
IMG_20240210_161042.jpg,0.051704855782985254,77.7796956644063,96.1063425006295,0
IMG_20240210_161538.png,0.01993288783090028,84.63506398000534,82.81321764814473,0
IMG_20240210_161040.jpg,0.05327264734024671,89.92521512548994,101.35033075257334,0
IMG_20240210_161112.jpg,0.027124411970773695,69.78836081575575,85.99284960422163,0
IMG_20240210_161859.png,0.017212868310282622,69.37246647830797,111.72471705001826,0
IMG_20240210_161048.png,0.05562086892912193,74.83965312096663,92.74444151507163,0
IMG_20240210_161934.png,0.009961569579288026,78.76034798217188,114.554731805293,0
IMG_20240210_161214.jpg,0.014080660334415683,95.32933645918207,126.40438098514824,0
IMG_20240210_161848.jpg,0.030857172417360718,92.36851246355788,126.87966713074294,0
IMG_20240210_161828.png,0.02624160729844703,78.58686914549641,98.88519162321,0
IMG_20240210_161841.jpg,0.04526934067097047,101.61419897169922,118.68818212253096,0
IMG_20240210_161603.jpg,0.0024671261795152226,62.923555015617666,150.7679230405299,0
IMG_20240210_161154.jpg,0.01281000764776576,80.16025070220292,94.78738383553929,0
IMG_20240210_161842.jpg,0.0301879679000377,97.27785762629092,108.80364755161804,0
IMG_20240210_161230.jpg,0.0807326468044965,100.032423013658,114.10719009258146,0
IMG_20240210_161455.jpg,0.005991563448776163,72.6039014895646,102.25717182951163,0
IMG_20240210_161045.png,0.05098079280751941,94.46555610183245,112.30008601002461,0
IMG_20240210_162019.jpg,0.047294645360246704,88.28617128911544,111.96859221564029,0
IMG_20240210_161350.jpg,0.04442969129024845,88.30204399783452,101.10528546004124,0
IMG_20240210_161914.jpg,0.006027019434583855,98.89962901422234,166.60208608080566,0
IMG_20240210_161326.png,0.05129726522466153,101.32979349255504,126.63298105184167,0
IMG_20240210_161820.png,0.01644475094159461,74.96805922323556,108.67583933257082,0
IMG_20240210_161101.png,0.016420454545454547,74.12183959478838,94.11655150643611,0
IMG_20240210_161541.png,0.03528142974527527,91.28565134392205,121.60493067254114,0
IMG_20240210_161044.jpg,0.042544102125948634,83.46886396617313,107.22857870750417,0
IMG_20240210_161636.png,0.017304534545913856,78.9951117022466,141.11522467367448,0
IMG_20240210_162144.png,0.03604552062966862,82.22824840546875,174.65585811049755,0
IMG_20240210_161819.png,0.03544990094880617,72.58654127832574,117.12289698087118,0
IMG_20240210_161106.jpg,0.035160575858250276,78.78369587415409,93.6233803217998,0
IMG_20240210_161925.png,0.015934950476138503,100.43077138051777,123.60349891053778,0
IMG_20240210_161543.jpg,0.025275611723581608,79.21829479738244,81.66238670694864,0
IMG_20240210_161821.jpg,0.020768691822640375,55.279803357313384,114.7312839269645,0
IMG_20240210_161050.jpg,0.03357880714806344,75.16327188140423,111.7804843223485,0
IMG_20240210_161909.png,0.0052,75.01146689105174,154.16364869064097,0
IMG_20240210_161335.png,0.10216459270103524,72.69045330799669,120.60568671166357,0
IMG_20240210_162115.jpg,0.03055229142185664,71.72501577165399,78.57563277821198,0
IMG_20240210_161153.jpg,0.0037505496495176018,71.37337274057741,92.4282819327465,0
IMG_20240210_161349.jpg,0.07767355537720706,64.37549658461099,88.80616493194556,0
IMG_20240210_161541.jpg,0.030254452926208653,91.89360019475066,119.63869201030928,0
IMG_20240210_161003.png,0.02853650759910724,93.71960044373654,137.80256029812637,0
IMG_20240210_161958.png,0.01819459628299235,86.87602283323946,82.40494620202345,0
IMG_20240210_161922.jpg,0.06254267722111226,91.84728524704576,117.33073118407724,0
IMG_20240210_161604.jpg,0.010986524537409493,80.9635709829743,170.5417098147509,0
IMG_20240210_161200.jpg,0.009631543304321654,66.39661732051903,122.59910328612827,0
IMG_20240210_162016.png,0.06732877595769379,75.88679649736997,118.16515426497277,0
IMG_20240210_161603.png,0.003163265306122449,62.57763500362129,151.7267033592712,0
IMG_20240210_161947.png,0.0030593834165729677,101.20091796568315,169.1117117661271,0
IMG_20240210_162056.png,0.02430334648174068,81.03514708928572,90.28192248246344,0
IMG_20240210_161921.png,0.033484868164696716,79.10842896508329,158.3499883103437,0
IMG_20240210_161207.png,0.02435903868345793,74.71738724013122,120.59531526222746,0
IMG_20240210_162154.png,0.0171656586443145,94.27757825395099,153.56134079521814,0
IMG_20240210_161653.jpg,0.024560660597078128,102.35356368684697,104.80830191441854,0
IMG_20240210_161159.png,0.0103,70.54044831817697,137.40744630863207,0
IMG_20240210_161653.png,0.02512794129593025,100.9413616372311,106.80804815516665,0
IMG_20240210_161646.png,0.013544754001185537,104.8801185308835,161.72134192984373,0
IMG_20240210_161928.png,0.04655479277904907,65.93584687575748,116.02206566154713,0
IMG_20240210_161959.png,0.03149884495175975,93.72805390477357,86.57433232469413,0
IMG_20240210_161205.png,0.014840440199543756,84.92905046313297,151.80943991361428,0
IMG_20240210_161016.jpg,0.073190705292251,84.92375999613644,118.35902310617139,0
IMG_20240210_162103.jpg,0.015296515077256429,92.00962353881698,101.45399865591398,0
IMG_20240210_161606.png,0.006550497684296717,82.4018790348904,151.1649204615884,0
IMG_20240210_162057.png,0.0139146103408579,56.8962576827983,77.32165359564004,0
IMG_20240210_162038.png,0.016599943901879285,75.6784884531563,102.61877355458822,0
IMG_20240210_161228.png,0.05954651986700823,82.00387988905712,109.34332237357131,0
IMG_20240210_161609.png,0.027803418086207378,91.40111144147264,90.10407696186819,0
IMG_20240210_161610.png,0.026591284118267645,88.0742925692113,97.66694358432143,0
IMG_20240210_162044.jpg,0.002983746433899547,69.44403326451453,141.59206186424237,0
IMG_20240210_161427.png,0.007726463136241628,61.065187120386554,141.3065374488824,0
IMG_20240210_161351.jpg,0.07427971956399365,87.72022882023458,112.9013531573672,0
IMG_20240210_161227.png,0.06486400761240187,82.97701713340444,110.0975262663881,0
IMG_20240210_161641.jpg,0.015219269271812592,86.70772343562722,124.80318701142514,0
IMG_20240210_161426.jpg,0.008011817430710298,83.33557101785901,139.5794951715693,0
IMG_20240210_161237.jpg,0.03393444620445961,72.04592851238262,93.71796515977343,0
IMG_20240210_161019.jpg,0.015099828110538146,82.04912564652466,103.40631349782294,0
IMG_20240210_161343.jpg,0.05145368663012453,70.68012713970593,123.03994527309797,0
IMG_20240210_161317.png,0.05026231172787274,120.87939033554096,123.56662766035252,0
IMG_20240210_162026.jpg,0.002343566908835247,65.24317253631062,189.91531191989648,0
IMG_20240210_162004.jpg,0.00325,63.753680842190434,155.44956977080756,0
IMG_20240210_161635.jpg,0.030945156355794066,89.91005673833997,135.19093615034436,0
IMG_20240210_161831.png,0.023417324808825375,63.18513975569793,132.31768657327763,0
IMG_20240210_161913.png,0.005019138634692895,98.87096117132238,172.14150999347606,0
IMG_20240210_161416.png,0.021719004128612537,91.7300308371148,166.66933347462117,0
IMG_20240210_161538.jpg,0.021413692542702402,85.94779746377338,81.47869674185463,0
IMG_20240210_161217.png,0.037181070499513885,104.98705956786291,119.78029914216584,0
IMG_20240210_162109.jpg,0.03900844042278154,87.81591905140901,101.81422308529731,0
IMG_20240210_161100.jpg,0.019914538932264192,74.13629219645206,101.85645902678714,0
IMG_20240210_161323.png,0.0725049998591589,92.76041134170198,106.76818893350575,0
IMG_20240210_162018.jpg,0.0442792413924085,74.3763794913933,109.9318958447239,0
IMG_20240210_161446.png,0.04246430460074035,77.53381333046336,108.45408368693282,0
IMG_20240210_161606.jpg,0.004542340193366661,82.83387062251808,149.85568345747342,0
IMG_20240210_161942.jpg,0.015216572504708098,82.12752550135517,161.22701123993275,0
IMG_20240210_161857.jpg,0.012689369416030041,55.24884667408561,104.21220962237146,0
IMG_20240210_161326.jpg,0.041118208383976826,104.38254838043105,124.22073752446184,0
IMG_20240210_162115.png,0.03501351821613084,71.94401220243238,80.89516578865819,0
IMG_20240210_161817.png,0.030630216708783214,75.66252366059514,109.48546252977813,0
IMG_20240210_162059.jpg,0.03162045215966408,76.33958962045241,91.98519401943103,0
IMG_20240210_161613.png,0.04020507991315493,94.89034743597662,129.92812253168034,0
IMG_20240210_161422.jpg,0.008116134978749552,70.79844214280385,139.1841228213954,0
IMG_20240210_161636.jpg,0.015962678098600427,79.50285092033708,140.26949108608622,0
IMG_20240210_161610.jpg,0.02695339364122097,89.23663465145026,95.8592587079488,0
Corn_Common_Rust (129).jpg,0.01330169966162343,70.19508533269354,65.82089377174806,1
Corn_Common_Rust (133).jpg,0.003148199357597158,73.74891229362798,53.05872944789201,1
Corn_Common_Rust (123).jpg,0.02139334751498743,80.18766587577245,84.16861042183623,1
IMG_20230429_180554.png,0.003011579002025027,59.79682406926889,60.190629960045975,1
Corn_Common_Rust (10).jpg,0.022022602144306,68.70687111513469,113.17609629966107,1
Corn_Common_Rust (47).jpg,0.150041322871753,39.49711210850384,102.24669579374955,1
Corn_Common_Rust (1301).jpg,0.3814570705348583,70.02309158437326,109.0829932539352,1
Corn_Common_Rust (103).jpg,0.02145337846749022,88.81519007407614,92.94611168516106,1
IMG_20230429_181250.png,0.01810357092047233,77.43741657357572,80.50130194399857,1
Corn_Common_Rust (39).jpg,0.0016838112849099803,23.179291756447657,120.20369378107047,1
Corn_Common_Rust (1297).jpg,0.05088208508957858,38.62338320582851,155.14859909763337,1
Corn_Common_Rust (1263).jpg,0.01981664968978609,62.8319931514937,71.16567432189774,1
Corn_Common_Rust (102).jpg,0.08314272431427243,88.44410050882895,91.51054616277142,1
Corn_Common_Rust (1239).jpg,0.041840809882047,87.74266085826548,71.4139476601282,1
Corn_Common_Rust (1210).jpg,0.03221976361379459,83.74104270540828,74.75836721055856,1
Corn_Common_Rust (1177).jpg,0.04280765175478235,75.31068423384544,81.13480683167413,1
IMG_20230429_181454.png,0.0,56.29263694055745,37.76677367576244,1
IMG_20230429_181132.png,0.0005315190815350271,71.51342406142078,45.470170530959166,1
Corn_Common_Rust (1286).jpg,0.0016002334458203313,45.70237386429159,66.40092373848645,1
Corn_Common_Rust (1270).jpg,0.001389943711821971,30.768319730336,45.672354762213914,1
Corn_Common_Rust (1280).jpg,0.03392893798010029,24.372333737353646,128.59537135045102,1
Corn_Common_Rust (1306).jpg,0.24552819199805695,92.55874529654768,132.20294423188994,1
Corn_Common_Rust (1172).jpg,0.25514024427668325,92.06489084762205,119.10153966088481,1
Corn_Common_Rust (1273).jpg,0.20360758888472613,60.40253769436376,128.93860686742937,1
Corn_Common_Rust (1266).jpg,0.10849315682691985,76.86460630454481,194.28888391151398,1
Corn_Common_Rust (95).jpg,0.0815831354848809,109.66441656711984,93.14685001789762,1
Corn_Common_Rust (1237).jpg,0.07408301158301159,82.21578347431242,85.50222836259917,1
Corn_Common_Rust (1225).jpg,0.1920581182113133,99.33528648337631,76.346106128815,1
Corn_Common_Rust (1207).jpg,0.035261889108042954,69.5734638698724,76.1337068242975,1
Corn_Common_Rust (135).jpg,0.014722188000492792,67.11212977168074,83.52082947602295,1
Corn_Common_Rust (4).jpg,0.0887837910463804,57.05133927651978,126.34255403888628,1
IMG_20230429_180538.png,0.021432621432621434,78.03953180425697,76.84214094843058,1
Corn_Common_Rust (76).jpg,0.011993867796915863,92.81219399325288,90.91884989853388,1
Corn_Common_Rust (38).jpg,0.00047972176137840055,29.337100120480017,82.79099006947108,1
Corn_Common_Rust (1182).jpg,0.0024607367735398422,66.50025606874364,74.00506523028267,1
Corn_Common_Rust (1185).jpg,0.11860494529817239,92.65486676430645,98.17783000391697,1
Corn_Common_Rust (1227).jpg,0.013415792164787806,77.69773099580306,73.0285112707456,1
Corn_Common_Rust (1166).jpg,0.003663228552717747,58.80345063379205,66.04695009242144,1
Corn_Common_Rust (51).jpg,0.03227416789532953,46.44422203153881,80.73747776365947,1
IMG_20230429_180636.png,0.001350281696698794,57.54053744815819,55.81510646013573,1
IMG_20230429_180937.png,0.0019613147572027593,81.7120242204166,59.916456789235085,1
Corn_Common_Rust (106).jpg,0.023489812081503348,82.89016366659233,66.55217955988073,1
IMG_20230429_182222.png,0.0019321004692243997,83.73089166964354,53.479636219849745,1
Corn_Common_Rust (144).jpg,0.06943210275466516,85.83921991685234,80.23136585265497,1
Corn_Common_Rust (28).jpg,0.06636077839725524,49.3829930287101,90.04101337198337,1
IMG_20230429_181605.png,0.005302042590178183,73.62989269869385,88.5948431845597,1
IMG_20230429_174910.png,0.0045041923636615615,99.83928029017622,67.38175322097513,1
Corn_Common_Rust (67).jpg,0.1433459631787151,63.29985007593057,102.13477331908928,1
Corn_Common_Rust (61).jpg,0.16901820451066235,115.33571409601315,103.17879343664988,1
Corn_Common_Rust (1129).jpg,0.0057117157634360245,85.26012289216727,63.926387978653686,1
Corn_Common_Rust (1173).jpg,0.21281506543919007,111.4009007687033,92.06064962726305,1
IMG_20230429_183201.png,0.005401158794068546,93.31009109923892,77.47773362565086,1
Corn_Common_Rust (1108).jpg,0.00017145516447448993,52.090450997389375,92.68414706171868,1
Corn_Common_Rust (1176).jpg,0.0052085575308854545,67.01592118404994,74.91443861853794,1
Corn_Common_Rust (1265).jpg,0.041458497804941284,25.310621749545202,82.77286322336764,1
Corn_Common_Rust (1190).jpg,0.0609414033396152,89.75602640760967,80.3840047760138,1
Corn_Common_Rust (1236).jpg,0.10056064997386802,91.87571978710429,81.15757619425031,1
IMG_20230429_182152.png,0.042969610218013654,85.4142271781524,133.09245085623039,1
Corn_Common_Rust (1299).jpg,0.09036230242956986,44.34531007262334,121.87158255286198,1
Corn_Common_Rust (78).jpg,0.0001300136514334005,76.06690186554802,61.91359133840129,1
IMG_20230429_181917.png,0.0017407001482818644,73.7869431112421,66.97869038998655,1
IMG_20230429_181839.png,0.004908712081082035,68.52049872162652,54.787792313678985,1
Corn_Common_Rust (1252).jpg,0.23586784013850814,107.09361460681934,88.83117229920185,1
Corn_Common_Rust (17).jpg,0.04459612538345144,21.24506718309154,239.2665083732659,1
Corn_Common_Rust (1151).jpg,0.012600777494781593,66.48995279243367,80.62405492979478,1
Corn_Common_Rust (7).jpg,0.20751248375401873,62.28742905338136,166.64822365112437,1
Corn_Common_Rust (6).jpg,0.05024721168218926,56.834839942178846,137.9212807874221,1
Corn_Common_Rust (48).jpg,0.010890076533974403,46.73671070623588,86.73372227568436,1
IMG_20230429_181438.png,0.0015919811320754718,79.91754785522745,50.360867320598864,1
IMG_20230429_181235.png,0.0037874257465215487,83.30576229448052,63.511604397455876,1
Corn_Common_Rust (66).jpg,0.03802687015170967,72.39196781739457,69.95216405044914,1
Corn_Common_Rust (1290).jpg,0.05540779710003735,52.900084204541244,112.53462076800558,1
Corn_Common_Rust (1139).jpg,0.4039482004894009,88.2280255840221,109.85900579580918,1
Corn_Common_Rust (22).jpg,0.0730531057316055,35.434823405739316,71.17307020268696,1
IMG_20230429_181421.png,0.024597495527728087,82.56974485320343,69.23831885419112,1
Corn_Common_Rust (69).jpg,1.9741153988897574e-05,51.74000650907594,84.04597806405961,1
Corn_Common_Rust (107).jpg,0.0017656811868822808,62.056237925244154,68.9503593170687,1
Corn_Common_Rust (115).jpg,0.009860346143531984,71.4699576293009,91.37606305745696,1
IMG_20230429_181013.png,0.011655661985802411,80.53387111054458,98.05715209309844,1
IMG_20230429_181252.png,0.012137752720221209,79.14655567085535,75.56595513888351,1
IMG_20230429_181941.png,0.009577850215300415,73.23090857544541,76.0322011878248,1
IMG_20230429_181918.png,0.0006562756357670221,73.42325125308541,65.82142223798546,1
Corn_Common_Rust (70).jpg,0.05102029615481718,95.64337336684144,188.28279064235915,1
IMG_20230429_182219.png,0.0004235294117647059,72.65518836868422,46.81572043755878,1
Corn_Common_Rust (62).jpg,0.01815658097886034,40.86955953112101,109.04941035042734,1
Corn_Common_Rust (1224).jpg,0.11071984036153418,106.30565117297887,75.2899424093095,1
Corn_Common_Rust (32).jpg,0.14646617458385228,80.12747723133072,108.09397990047809,1
Corn_Common_Rust (109).jpg,0.08662877654801077,96.89358184732218,83.71916991083762,1
Corn_Common_Rust (53).jpg,0.004595379371291504,68.83303212520305,81.899747981718,1
Corn_Common_Rust (1168).jpg,0.024730078547836466,81.44536933895229,90.99901798490502,1
Corn_Common_Rust (1138).jpg,0.2244922199786198,96.75706045225756,88.15263005919438,1
IMG_20232220429_181644.png,0.006460162332284247,67.88128602474275,63.030616895223105,1
Corn_Common_Rust (79).jpg,0.010205955660501115,78.15475082770476,59.85896783523929,1
Corn_Common_Rust (1291).jpg,0.08849438629254816,30.043147273505415,121.97949967823268,1
Corn_Common_Rust (1220).jpg,0.029661504475688612,89.03976700266787,81.88318717942657,1
Corn_Common_Rust (130).jpg,0.014629321116201582,71.10584051560892,64.46285692472134,1
Corn_Common_Rust (14).jpg,0.04046564274701899,53.544145730962235,117.84861833333333,1
Corn_Common_Rust (92).jpg,0.04201110535806745,84.4981495131263,73.42655504545864,1
Corn_Common_Rust (20).jpg,0.00028464268970598085,33.92317560339059,103.01986607142857,1
Corn_Common_Rust (1255).jpg,0.14977674786638784,92.6328246497135,97.18877239857113,1
Corn_Common_Rust (124).jpg,0.03210433910208176,97.13526743891083,82.2093100709656,1
Corn_Common_Rust (1244).jpg,0.15750226496619973,93.67215802897992,82.43852726933135,1
Corn_Common_Rust (1150).jpg,0.007359547340049319,62.59764109671486,81.0944932379916,1
Corn_Common_Rust (83).jpg,0.010290599084763874,66.29414420079898,67.45996489174956,1
Corn_Common_Rust (1170).jpg,0.2426228577913971,112.15995931614233,92.7766217870257,1
Corn_Common_Rust (1113).jpg,0.12363564199245883,98.83807547659731,81.33522611008799,1
Corn_Common_Rust (1285).jpg,0.07227990487404187,53.05806236144285,75.03541605158884,1
IMG_20230429_181423.png,0.009168616589465642,80.8605218931709,59.602290889717636,1
Corn_Common_Rust (1135).jpg,0.006728123556466028,56.77270998370183,77.13745773627436,1
IMG_20230429_181907.png,0.020958207597866974,66.56528986170864,73.9743911761494,1
Corn_Common_Rust (1127).jpg,0.20713626576438018,112.16691031409992,85.92055686825468,1
Corn_Common_Rust (1235).jpg,0.16322112782768697,90.6740614366348,88.6078431372549,1
IMG_20230429_181858.png,0.07644229195981544,68.95473875211081,96.93737500490177,1
Corn_Common_Rust (36).jpg,0.019028904346952612,38.86025805597766,82.05321473583041,1
Corn_Common_Rust (84).jpg,0.014281037728128325,77.07422675560794,56.16738374127674,1
Corn_Common_Rust (1281).jpg,0.06174600435550915,36.76897433599113,61.668170502029724,1
Corn_Common_Rust (1267).jpg,0.00030273348633615095,18.574626513677742,68.34940657806692,1
Corn_Common_Rust (40).jpg,0.039316074188562596,55.610937314574095,84.86432407279312,1
Corn_Common_Rust (1119).jpg,0.0008687198792065692,63.73368131678511,65.49290591563677,1
Corn_Common_Rust (90).jpg,0.001289532926802614,64.17792800322864,52.54914605158905,1
IMG_20230429_181841.png,3.4169343265222444e-05,58.22828251708412,49.67900003561127,1
IMG_20230429_181431.png,0.004373809111380565,81.40577242696092,61.955818709278546,1
Corn_Common_Rust (91).jpg,0.004999472629469465,58.51306547777372,95.18478076857966,1
IMG_20230429_180957.png,0.0034391888874000624,86.77966593769422,63.67329132331556,1
Corn_Common_Rust (1208).jpg,0.10702748826720303,85.62724332896524,79.04565208478537,1
Corn_Common_Rust (1115).jpg,0.056320260155308235,92.36213452084027,78.83917405845573,1
Corn_Common_Rust (128).jpg,0.013430373605046094,82.71691853754328,56.49956260570362,1
Corn_Common_Rust (1249).jpg,0.009363437287623651,64.37089362010673,100.26536838358672,1
Corn_Common_Rust (15).jpg,0.04929923374156788,63.60257614978801,109.70046194593498,1
Corn_Common_Rust (1125).jpg,0.04137891344383057,76.47035457689205,87.98310810810811,1
Corn_Common_Rust (108).jpg,0.06551889048302248,93.42129636406351,79.4870486058205,1
IMG_20230429_181323.png,0.009452585225115785,95.32660275729384,86.92325189223106,1
Corn_Common_Rust (1118).jpg,0.0017027696950102382,78.2539416223512,71.32199394513647,1
Corn_Common_Rust (57).jpg,0.1320427758448634,55.36758784111575,121.37189006055986,1
IMG_20230429_181238.png,0.0032323232323232323,89.92141780879192,63.626378386893506,1
IMG_20230429_181247.png,0.004828959009141846,79.55053691891452,75.44435275141603,1
Corn_Common_Rust (19).jpg,0.002278404334243107,33.47385369229847,94.770439824571,1
Corn_Common_Rust (111).jpg,0.08113960113960114,93.2068633256477,78.64245391705069,1
Corn_Common_Rust (1302).jpg,0.20322484417439907,63.94882156486098,142.48242758904533,1
Corn_Common_Rust (1259).jpg,0.18961801542930318,118.67074823684274,88.870844151732,1
IMG_20230429_181528.png,0.001080140418254373,82.61906957490986,77.29894986993801,1
Corn_Common_Rust (73).jpg,0.014974445782740323,87.17914405963133,62.52239901264218,1
Corn_Common_Rust (43).jpg,0.14706890641069592,69.82569778039361,85.69812531512123,1
Corn_Common_Rust (1257).jpg,0.004472995479419462,67.7013898973711,112.15562459359873,1
IMG_20230429_181321.png,0.0025753192690326676,81.92787034770882,77.40433458713953,1
Corn_Common_Rust (1264).jpg,0.00893259896486585,51.270360510456555,79.31199006081415,1
Corn_Common_Rust (1181).jpg,0.18202699637023592,105.43836643497401,86.65584545480525,1
Corn_Common_Rust (46).jpg,0.09193353222303766,49.86115450383498,105.80204155164789,1
IMG_20230429_183144.png,0.0009610186798005887,97.75608817667185,100.76475197601526,1
IMG_20230429_181606.png,0.0009194556822361162,57.23230951678178,77.28910158073768,1
IMG_20230429_181447.png,0.012689201943580242,104.38918968657094,79.43879349992335,1
IMG_20230429_183017.png,0.0,86.39686600562018,84.29989258162169,1
Corn_Common_Rust (1304).jpg,0.05488548352067419,25.93452246670743,156.8082031645698,1
IMG_20230429_180413.png,0.016627308899168636,85.2850928131336,73.37938374214474,1
IMG_20230429_181933.png,0.010879182095225612,79.4941869596156,70.53110264438493,1
IMG_20230429_181643.png,0.004665934755332497,87.76326324313251,65.95968998441931,1
Corn_Common_Rust (1247).jpg,0.005059920106524634,55.318967892014676,92.90180410620911,1
Corn_Common_Rust (1110).jpg,0.02236327404236475,70.00377238243027,73.61640297871273,1
Corn_Common_Rust (156).jpg,0.1463893703061814,106.19178727933871,94.51569516846072,1
Corn_Common_Rust (21).jpg,0.9768880432287385,30.81054515398211,172.3507763433053,1
IMG_20230429_181757.png,0.00012282748879199166,72.938109068421,46.471795820233034,1
Corn_Common_Rust (113).jpg,0.041841986809401724,84.10845600209707,71.03424374298486,1
IMG_20230429_181445.png,0.012294795668878799,102.19901679292323,83.26186421855334,1
Corn_Common_Rust (1169).jpg,0.09005996921933875,94.32051349682592,86.30131146650737,1
IMG_20230429_181141.png,0.0,75.00227540270544,50.57280939476061,1
Corn_Common_Rust (1284).jpg,0.36183769282360834,96.51341313395648,109.67698198837044,1
Corn_Common_Rust (1134).jpg,0.012005610098176718,85.43788103605914,70.58309070865252,1
IMG_20230429_181413.png,0.0030853087879878643,67.42730882085066,56.12938739271974,1
Corn_Common_Rust (1198).jpg,0.05088567634605266,77.0484459416892,71.37093613386261,1
IMG_20230429_181934.png,0.013241668924410728,74.66399741398551,69.84962023334117,1
Corn_Common_Rust (1261).jpg,0.11687244335693073,88.07157938438274,73.09002674246815,1
Corn_Common_Rust (25).jpg,0.4791603378091014,86.14520385951819,95.77387288830917,1
Corn_Common_Rust (88).jpg,0.05182883773478322,80.20739278047422,87.08054419497537,1
Corn_Common_Rust (149).jpg,0.006169798484528585,62.03657294058221,184.67574764923526,1
Corn_Common_Rust (82).jpg,0.0007711400824155963,64.19436108825666,62.11171754250386,1
Corn_Common_Rust (13).jpg,0.04169608707402905,64.24257269562695,109.48708122008715,1
Corn_Common_Rust (1260).jpg,0.05507432556432373,92.25138748970356,75.01811039595744,1
Corn_Common_Rust (86).jpg,0.023672747932580014,95.26792971833682,63.43308192339924,1
Corn_Common_Rust (1268).jpg,0.0020813582464900594,33.809207740360584,76.88717619919625,1
IMG_20230429_181939.png,0.03381475395658566,66.22455430687255,83.35657234139663,1
Corn_Common_Rust (139).jpg,0.005571527267054445,68.78692231909623,71.46384787472036,1
Corn_Common_Rust (71).jpg,0.10955288611190796,84.43449555706736,73.94249244058834,1
IMG_20230429_181004.png,0.002479477299380131,78.93298328639797,59.93311831607537,1
Corn_Common_Rust (1240).jpg,0.04981908039890566,85.26999263433068,77.3519788673649,1
Corn_Common_Rust (30).jpg,0.01921136625065268,78.94528112568794,79.01219269737348,1
Corn_Common_Rust (59).jpg,0.09240336544323863,93.58824501305322,99.08247789548602,1
IMG_20230429_181644.png,0.0052579691094314825,76.31142135869524,63.13091059260789,1
Corn_Common_Rust (1183).jpg,0.060608712775966564,78.8558778539299,91.38147951743338,1
Corn_Common_Rust (153).jpg,0.08333928061661433,71.67496303579728,91.60964353057376,1
Corn_Common_Rust (1164).jpg,0.040169365100258876,85.5962932137061,83.15429040910519,1
IMG_20230429_181424.png,0.008231723002520966,79.88152797500794,59.513785608054,1
Corn_Common_Rust (1116).jpg,0.051427134414686285,83.74982334491118,67.45956700437185,1
Corn_Common_Rust (26).jpg,0.014839619316179062,79.52842191982751,59.231943641939644,1
IMG_20230429_181334.png,0.007568590350047304,85.68099543489723,89.92530973451328,1
Corn_Common_Rust (33).jpg,0.012594215035753397,49.66435300473982,66.78421999383826,1
IMG_20230429_181832.png,0.005956022021184121,57.99123578201615,50.666977289984125,1
IMG_20230429_180716.png,0.07750225880935649,68.21084906423997,104.37691272315104,1
Corn_Common_Rust (1178).jpg,0.0840557859027516,90.26974737711394,92.7577383306962,1
Corn_Common_Rust (121).jpg,0.07738495129324824,87.43326049472842,72.3709300612464,1
IMG_20230429_181129.png,0.0013516992790937178,75.75687245130797,49.235857325871486,1
Corn_Common_Rust (138).jpg,0.004019722381735015,72.37526679672133,74.07621757122394,1
Corn_Common_Rust (34).jpg,0.06618055412715716,68.58733263783239,81.78991792214241,1
Corn_Common_Rust (125).jpg,0.06776552825181766,62.52658443512829,142.50427331744956,1
Corn_Common_Rust (58).jpg,0.3512381992536881,56.04764290548827,123.3320962396862,1
Corn_Common_Rust (1242).jpg,0.13129525869130707,99.04131212477304,128.6847691015953,1
Corn_Common_Rust (1154).jpg,0.23809270253720616,101.67573536367803,90.08121895556451,1
Corn_Common_Rust (1147).jpg,0.005018910111557765,61.41664014625292,71.97466089166689,1
IMG_20230429_181342.png,0.011391375101708706,79.33392504042544,61.62981361359718,1
IMG_20230429_181755.png,5.9449497651744845e-05,79.33519245236116,45.70364387004128,1
Corn_Common_Rust (1157).jpg,0.007961240133748835,64.0713496440905,81.45666590441344,1
Corn_Common_Rust (56).jpg,0.0014891453528107618,27.400789969642286,106.07602836406477,1
Corn_Common_Rust (55).jpg,0.008564748881111584,26.054029338232056,139.6482268535113,1
Corn_Common_Rust (8).jpg,0.1457319388956064,22.95828217277987,153.89887994100934,1
Corn_Common_Rust (1126).jpg,0.2882778466088486,111.96198798981015,101.87849091520862,1
IMG_20230429_181130.png,0.0017268771154244664,85.41264758803698,54.8932212218171,1
Corn_Common_Rust (119).jpg,0.007513293578179156,66.08249756002012,60.34856216216216,1
Corn_Common_Rust (110).jpg,0.019324726369517153,90.83557570000914,68.2272628338671,1
Corn_Common_Rust (85).jpg,0.005076555543490064,78.62375153072405,67.30459570983085,1
Corn_Common_Rust (142).jpg,0.2490701381509033,100.35301829522766,88.9487983683208,1
IMG_20230429_181615.png,0.007984136095600898,98.68661136935152,68.93824306472919,1
Corn_Common_Rust (151).jpg,0.038586338741345455,71.22557650279127,120.95223115703513,1
IMG_20230429_181357.png,0.0021764235586746025,64.54060014404187,45.33575751888519,1
Corn_Common_Rust (98).jpg,0.01682266317234494,78.67257611562208,71.51770263678144,1
Corn_Common_Rust (1163).jpg,0.013936097892590074,65.8212475222814,70.08479820798055,1
Corn_Common_Rust (1174).jpg,0.16210889981022822,84.11674676369755,79.37035947231622,1
Corn_Common_Rust (29).jpg,0.07928527753244106,52.150325998216275,88.85175400227452,1
Corn_Common_Rust (1204).jpg,0.049042202562386936,92.33980536892682,97.95013110250967,1
Corn_Common_Rust (1271).jpg,0.1572206603376387,64.70183136924932,73.3514831314174,1
Corn_Common_Rust (1146).jpg,0.03484350683036486,71.54941595160004,83.59934512407003,1
Corn_Common_Rust (1136).jpg,0.00531411133326318,68.89264810266725,93.00893046427814,1
IMG_20230429_180651.png,0.0013498818853350332,65.47634763429402,60.57517474530586,1
Corn_Common_Rust (1230).jpg,0.24361821721367663,108.75653804162569,100.90798567036191,1
IMG_20230429_181332.png,0.000409316032909009,84.77679326588509,69.66110060047708,1
Corn_Common_Rust (1131).jpg,0.0011652340019102196,55.98437517021319,81.59272803859999,1
Corn_Common_Rust (1153).jpg,0.13054881010199126,92.5913921147888,100.15493650949897,1
Corn_Common_Rust (134).jpg,0.010652966397824076,76.19180534502358,66.22293405319088,1
IMG_20230429_181818.png,0.0018673535093367676,62.54699525878307,55.20548985570142,1
Corn_Common_Rust (63).jpg,0.016032094999790934,43.80885473175334,115.71189132539132,1
Corn_Common_Rust (1222).jpg,0.11224907027005977,81.44743267951273,81.84853936099488,1
Corn_Common_Rust (1148).jpg,0.01593293460143151,67.75833028301547,43.43627667402502,1
Corn_Common_Rust (141).jpg,0.0016187410196249613,56.7966563068303,79.36049927918393,1
Corn_Common_Rust (1232).jpg,0.007992654270748556,73.79367726537176,75.39299397920088,1
Corn_Common_Rust (1197).jpg,0.02509671025288532,86.31404396389334,72.00736026741234,1
IMG_20230429_181330.png,0.0014376290179887938,87.33471055213076,69.0752402921953,1
Corn_Common_Rust (1294).jpg,0.513128129041194,52.64856301684287,163.7796777784346,1
Corn_Common_Rust (1276).jpg,0.04401769496689518,68.75797921474236,79.48106587712806,1
Corn_Common_Rust (72).jpg,0.012792605739928334,88.56962996501248,68.46072712473716,1
Corn_Common_Rust (74).jpg,0.03720253346178285,75.1586828863791,86.0823298210403,1
IMG_20230429_181455.png,6.185056902523504e-05,83.89182809432579,51.9207957957958,1
IMG_20230429_181304.png,0.01719125268613323,76.40355700913332,100.08131868131868,1
Corn_Common_Rust (1107).jpg,0.0007741735697143299,58.336852982234824,66.20940693682674,1
Corn_Common_Rust (1253).jpg,0.10670095926595301,78.18262712407889,89.48363423212193,1
IMG_20230429_181417.png,0.013129727415441701,90.96894158324004,64.67955708880481,1
IMG_20230429_181259.png,0.019190337732050994,87.06505047787081,71.85270910047343,1
Corn_Common_Rust (1160).jpg,0.019270672376495518,65.80795237749174,61.44745395449621,1
Corn_Common_Rust (1133).jpg,0.010284810126582278,77.02473696537776,69.42310013717422,1
Corn_Common_Rust (116).jpg,0.00025880432402301367,51.398201540828076,57.88373576854824,1
Corn_Common_Rust (140).jpg,0.0021469859620148637,72.07982356785325,93.81749804867665,1
Corn_Common_Rust (1165).jpg,0.07608471192896313,78.59630385383481,89.21785188581357,1
Corn_Common_Rust (41).jpg,0.0004926917392018393,86.53968236670042,51.31979441462749,1
Corn_Common_Rust (1111).jpg,0.024540301396377712,80.62277820583941,88.6812449217508,1
Corn_Common_Rust (1159).jpg,0.053704334290022866,71.6181854983639,122.402001953125,1
Corn_Common_Rust (1175).jpg,0.044434667839859214,77.66541058719594,75.32799356007244,1
IMG_20230429_181121.png,0.0,34.799759047511586,50.37178330540877,1
Corn_Common_Rust (54).jpg,0.03021990376399694,91.9092072112359,89.40335211054133,1
Corn_Common_Rust (1300).jpg,0.058870526632782874,61.274634086750986,85.40725251635205,1
IMG_20230429_183021.png,0.0008124891184493065,77.9073656523801,80.1767975326094,1
IMG_20230429_180646.png,0.005195059792197608,59.945037043695514,69.44223066652974,1
IMG_20230429_180552.png,0.002655281928463581,58.414314452007254,63.17995456812012,1
Corn_Common_Rust (5).jpg,0.0007562543454130734,105.25228353650621,177.02984081419623,1
Corn_Common_Rust (1279).jpg,0.11700850838447596,34.85537995669659,102.26512573025146,1
Corn_Common_Rust (1223).jpg,0.10698919809593556,86.03901004491165,81.47569167175537,1
Corn_Common_Rust (1218).jpg,0.008183174104083524,73.19319070485133,57.170966049008925,1
IMG_20230429_180704.png,0.002718301992180227,73.57112564558716,56.79644268774704,1
Corn_Common_Rust (1124).jpg,0.04866813538954536,93.9684767060728,70.73530012771393,1
IMG_20230429_180649.png,0.009827565416616424,72.13322660127955,91.4698008607484,1
Corn_Common_Rust (1289).jpg,0.005457762112611597,52.57924167937813,122.83703347432676,1
Corn_Common_Rust (1292).jpg,0.10542178875004234,48.83494051334943,78.12895797351756,1
IMG_20230429_181806.png,0.0,57.980449724074894,43.36570542635659,1
Corn_Common_Rust (1258).jpg,0.09430505068416231,111.38788560624722,91.43487200882082,1
Corn_Common_Rust (159).jpg,0.06210589962857389,65.73492085994809,80.63329024342148,1
IMG_20230429_180547.png,0.01164534345786938,65.20932262747115,87.49413180860668,1
Corn_Common_Rust (120).jpg,0.04929219600725953,89.21135359897345,70.16708405261494,1
Corn_Common_Rust (1162).jpg,0.10844694798235338,72.86830675852545,97.86714074667601,1
rsz_4img_20230429_174905.png,0.019439343012578398,124.90397955254413,65.14047839792323,1
Corn_Common_Rust (89).jpg,0.02009380282360784,74.63720300342817,79.72615362464906,1
Corn_Common_Rust (1278).jpg,0.6304485277666995,61.88047547296065,192.1859984173743,1
Corn_Common_Rust (158).jpg,0.07853748317446364,88.57004192303874,87.10549084858569,1
IMG_20230429_181435.png,0.02609536082474227,98.72204597377491,70.63100696213279,1
Corn_Common_Rust (1194).jpg,0.057125830069811,94.30333582339058,85.41076932195354,1
IMG_20230429_181835.png,0.0020441686439131228,71.5850638443107,52.082541018090026,1
Corn_Common_Rust (93).jpg,0.019311159578335152,82.46527137208852,100.89624203970234,1
Corn_Common_Rust (1254).jpg,0.12099866442634957,92.37502327897046,87.27379088183974,1
Corn_Common_Rust (143).jpg,0.2041609136224287,80.43136298677699,85.09791054676396,1
Corn_Common_Rust (99).jpg,0.027001209959880278,98.87434063155993,64.05701894934735,1
IMG_20230429_180412.png,0.011916810865519606,84.73529980354266,70.2531405546338,1
Corn_Common_Rust (1202).jpg,0.015033530668893857,63.4007055424625,133.3675076528093,1
recheck.png,0.0027793000861191576,59.37740292831773,51.13144837026264,1
Corn_Common_Rust (1303).jpg,0.04374915650726528,56.76496465751511,65.65127505598687,1
Corn_Common_Rust (1132).jpg,0.0005654669343210156,63.828484279600545,84.6906672716445,1
Corn_Common_Rust (1122).jpg,0.001676890747383838,73.84975683801433,65.13176837473567,1
Corn_Common_Rust (1141).jpg,0.00870804716858883,81.07594565634993,71.64830819191285,1
Corn_Common_Rust (35).jpg,0.00013536113039643344,46.87399465529864,51.63638268668601,1
Corn_Common_Rust (1248).jpg,0.0029471979122139983,62.08547032163647,88.07066482808509,1
Corn_Common_Rust (1188).jpg,0.043607102416459875,91.36041557670694,87.61985472154964,1
Corn_Common_Rust (1251).jpg,0.15347311367850522,120.84834174738359,78.59136585365853,1
Corn_Common_Rust (1117).jpg,0.001210312992569241,83.55273716181354,57.65665162013743,1
Corn_Common_Rust (1287).jpg,0.003121174303203185,60.94885521091146,106.23584488117159,1
Corn_Common_Rust (1288).jpg,0.07820765369819294,57.814468450687706,101.91819076189522,1
Corn_Common_Rust (80).jpg,0.003644353931078836,66.60738850317036,56.46931761488572,1
Corn_Common_Rust (1193).jpg,0.026053848245852596,85.9595298542461,85.80751778447846,1
Corn_Common_Rust (1293).jpg,0.008437866133522513,58.836223577514005,51.43753197427862,1
IMG_20230429_181022.png,0.014665037218086879,93.35610621728539,103.05620544330222,1
IMG_20230429_181912.png,0.006046021958189201,79.56962185973008,80.71594450215166,1
IMG_20230429_180717.png,0.06755264066275457,68.68154378635305,102.4563900445223,1
IMG_20230429_180653.png,0.001772589710332901,80.40830622123691,60.34108442899055,1
Corn_Common_Rust (1233).jpg,0.013579862524848513,78.36985876090141,84.29100606060607,1
Corn_Common_Rust (147).jpg,0.08324628950372871,79.8439746620217,71.8537561952196,1
Corn_Common_Rust (127).jpg,0.0283132387985749,82.82717472022192,64.3226203436361,1
Corn_Common_Rust (23).jpg,0.9235224428294393,22.26590916879014,157.97214286209677,1
Corn_Common_Rust (131).jpg,0.015149107473912814,75.55763732382236,62.248989188322675,1
IMG_20230429_181854.png,0.02496141716432933,73.43021809203897,87.08016525642553,1
IMG_20230429_180705.png,0.0033733427473130934,71.32668368834408,61.784267036107025,1
IMG_20230429_180524.png,0.011510977463058169,70.42109849341395,90.7231716462091,1
Corn_Common_Rust (117).jpg,0.0032296011121805157,62.93074762199878,87.9113050189739,1
Corn_Common_Rust (1121).jpg,0.01775277324957258,82.60262011799684,64.47751092150871,1
Corn_Common_Rust (1187).jpg,0.02751574253301644,88.72516024154874,71.82852986179046,1
Corn_Common_Rust (1203).jpg,0.042646168426040486,71.28502245885144,95.37133421400264,1
Corn_Common_Rust (136).jpg,0.00538372403957572,67.46240958367927,74.13484579542933,1
Corn_Common_Rust (1161).jpg,0.0764736396647282,76.97184929599004,71.91201863779635,1
Corn_Common_Rust (1137).jpg,0.05298256668767066,84.30091947321274,72.01557886967524,1
IMG_20230429_181902.png,0.12983632279000107,67.28687666611307,95.09380220854896,1
IMG_20230429_181626.png,0.008133387555917039,68.77475443463867,67.57691416925286,1
Corn_Common_Rust (1298).jpg,0.09854942921637055,40.13616538481752,123.657995977405,1
Corn_Common_Rust (1130).jpg,0.000819000819000819,62.87439201745067,67.57873124060707,1
Corn_Common_Rust (1206).jpg,0.0012199106851105545,53.1519679853578,73.19970252416991,1
Corn_Common_Rust (49).jpg,0.03938774431903626,72.45195471696798,92.25855651536803,1
IMG_20230429_180545.png,0.011884496563898872,68.05233538051634,88.15289351470636,1
Corn_Common_Rust (1184).jpg,0.08332468969332366,91.66392304657575,91.28485231179401,1
IMG_20230429_181531.png,0.0020407512515544786,82.6062489669207,80.56277439456167,1
Corn_Common_Rust (1142).jpg,0.01481449488187276,74.90051255852303,83.09459903233575,1
Corn_Common_Rust (1156).jpg,0.021495673099171643,68.63805102748074,85.84764179663716,1
Corn_Common_Rust (100).jpg,0.01850285472615775,90.44058846134017,64.88618775684475,1
Corn_Common_Rust (1234).jpg,0.018104337440964118,76.42386116052306,97.56788973227742,1
Corn_Common_Rust (81).jpg,0.0008784430085696995,75.67624681671998,56.459611350773734,1
Corn_Common_Rust (31).jpg,0.4304961861791687,38.60573573463532,151.70805695789906,1
Corn_Common_Rust (1272).jpg,0.0052294574574356005,56.671631398572934,110.13468079646645,1
Corn_Common_Rust (146).jpg,0.003617096156102139,73.4334542927666,92.7844770085902,1
IMG_20230429_181358.png,0.0032224920605268075,62.87361846059903,46.922076612903226,1
Corn_Common_Rust (3).jpg,0.006244986328310317,56.576716042212524,84.70455608083537,1
Corn_Common_Rust (118).jpg,0.0013099989765632996,46.862339602742715,65.56444097741984,1
Corn_Common_Rust (1246).jpg,0.308115623008747,114.89982525047431,93.00638335599031,1
IMG_20230429_181144.png,0.0,58.7278397955692,45.67928619079386,1
Corn_Common_Rust (18).jpg,0.037498444118906245,30.27755701504104,104.35981869285976,1
Corn_Common_Rust (1277).jpg,0.0028051232459283273,36.74246714124823,115.67138297168563,1
Corn_Common_Rust (1167).jpg,0.012220375814904767,74.36174076815107,112.33259343382201,1
IMG_20230429_180556.png,0.003941192099902577,61.74238626333824,58.33790546802595,1
IMG_20230429_180934.png,0.0016046213093709885,85.19418406112918,64.80832616795644,1
Corn_Common_Rust (1213).jpg,0.011205460863128893,59.98709341813156,89.40189203767478,1
Corn_Common_Rust (1283).jpg,0.11497765940415375,59.842235634474754,80.70919425455104,1
Corn_Common_Rust (104).jpg,0.005848497830095551,68.87580182846148,56.92875844012677,1
Corn_Common_Rust (1282).jpg,0.015087044008259031,28.876657746653304,67.67283404199136,1
IMG_20230429_181003.png,0.0006176451466094532,78.47015192503565,57.36979651549408,1
Corn_Common_Rust (1228).jpg,0.02501065795083132,76.9487691621196,80.099227827091,1
Corn_Common_Rust (154).jpg,0.021119521540042988,81.07102275059674,61.77081587871534,1
IMG_20230429_181905.png,0.048112732762959236,76.75044387722359,74.72985630654604,1
Corn_Common_Rust (1158).jpg,0.01791838308407232,89.76358530438831,97.58575575452798,1
Corn_Common_Rust (1191).jpg,0.03916920645671069,95.40023984270199,72.9381623410956,1
Corn_Common_Rust (1179).jpg,0.08548228576777274,94.82959414471729,88.27425178147269,1
IMG_20230429_181859.png,0.0806089518731584,73.30105577674006,94.47204540225478,1
IMG_20230429_181633.png,0.029326549360469224,82.05801653489353,66.01664089536852,1
IMG_20230429_181741.png,3.823360734085261e-05,63.045620813725336,49.414953632148375,1
Corn_Common_Rust (1262).jpg,0.09412471185324371,84.79693404672376,81.14183897243107,1
Corn_Common_Rust (155).jpg,0.03818709811242481,83.28861372558251,104.5485290504166,1
Corn_Common_Rust (87).jpg,0.0014163394064250305,73.47090894260893,56.491663187879084,1
Corn_Common_Rust (44).jpg,0.020744708786303242,49.79003480012218,60.28479015462291,1
Corn_Common_Rust (114).jpg,0.0023802211302211304,99.67187047413151,65.84822118316731,1
Corn_Common_Rust (68).jpg,0.286697434505226,75.02763031920398,102.03057042489127,1
Corn_Common_Rust (2).jpg,0.23209015806312974,48.1570744082786,139.7796147143328,1
IMG_20230429_181244.png,0.007173708920187793,99.51088319215184,80.15608597850537,1
Corn_Common_Rust (1114).jpg,0.30317286652078773,116.67955881131948,92.29344666445891,1
Corn_Common_Rust (1274).jpg,0.049405900027314945,91.84010397490599,123.92673472203063,1
IMG_20230429_182220.png,0.0015472348702533045,68.8327903064512,47.49146171693736,1
IMG_20230429_181845.png,0.005375524208921083,58.4485853081303,47.234577922077925,1
Corn_Common_Rust (1201).jpg,0.009599307590927867,67.71299123272512,95.28888178658464,1
Corn_Common_Rust (1144).jpg,0.2111504943634571,108.77553191554065,86.39083057551053,1
Corn_Common_Rust (112).jpg,0.04646808510638298,93.87257393798566,71.29403796951259,1
Corn_Common_Rust (1295).jpg,0.004762740502909608,41.90145246286148,107.55827391861945,1
IMG_20230429_181302.png,0.032654551354859646,92.22295840076464,81.99324436339522,1
Corn_Common_Rust (45).jpg,0.009026381485729708,37.36942433837439,88.25410983811439,1
Corn_Common_Rust (1211).jpg,0.05362638372146433,88.68962682643394,82.20547366444465,1
Corn_Common_Rust (1196).jpg,0.39860540322037324,113.00129129245103,110.49058233972697,1
Corn_Common_Rust (1296).jpg,0.08637226717773992,23.5879243729969,157.6961445853642,1
Corn_Common_Rust (96).jpg,0.08511520464372446,82.14528946684771,98.88699444020494,1
Corn_Common_Rust (1256).jpg,0.18148776350860188,100.65480866636932,99.21579435835419,1
IMG_20230429_174905.png,0.012872692853762423,77.49114120675242,60.22641509433962,1
Corn_Common_Rust (160).jpg,0.018529350717965166,53.69449820297543,59.60517860517861,1
Corn_Common_Rust (1186).jpg,0.032977386934673364,82.82349700759954,76.44892657793044,1
Corn_Common_Rust (37).jpg,0.01140157073973133,50.51528160401501,122.16448373292486,1
Corn_Common_Rust (1226).jpg,0.007522602314292945,66.72335618480234,66.24700817110715,1
Corn_Common_Rust (1171).jpg,0.06147168892136673,76.9709781395784,117.4322065150584,1
Corn_Common_Rust (1145).jpg,0.05404619474908608,87.15732750896126,76.51570598233208,1
Corn_Common_Rust (1128).jpg,0.021028774708093067,80.91880650580022,95.63778011204482,1
Corn_Common_Rust (1200).jpg,0.009105238757533612,54.863698322172674,81.84470487404978,1
Corn_Common_Rust (1245).jpg,0.2257941791896519,112.97518347325143,84.77658224355791,1
IMG_20230429_181153.png,0.0007763975155279503,62.262212726296696,45.655833439126575,1
Corn_Common_Rust (101).jpg,0.044911337396652366,89.7559241834485,75.79821958456974,1
Corn_Common_Rust (1214).jpg,0.01515021581911214,74.41358234725189,113.2732383808096,1
Corn_Common_Rust (148).jpg,0.0033563304120827896,65.78454948232145,79.7953285580816,1
Corn_Common_Rust (1269).jpg,0.008790571870170015,52.45021649313541,102.01100424897992,1
Corn_Common_Rust (1155).jpg,0.030947775628626693,95.4830129166627,66.37471716225173,1
Corn_Common_Rust (24).jpg,0.0024602107866291464,35.07788837072759,96.12951467371657,1
IMG_20230429_183028.png,0.0020581425263699513,79.84848012926724,87.63498058965482,1
Corn_Common_Rust (1238).jpg,0.05347702779353375,83.9065919910915,67.02964714441615,1
Corn_Common_Rust (1209).jpg,0.2241115235845383,105.51262428060359,94.3884004688832,1
IMG_20230429_182158.png,0.02983273695597903,95.62256868762854,101.1888810286713,1
IMG_20230429_181420.png,0.022443254271869422,80.33351783350115,68.79483319282187,1
Corn_Common_Rust (132).jpg,0.0002473541935369883,59.780448940553946,42.358937532138235,1
Corn_Common_Rust (50).jpg,0.19339384939965465,58.30558084268718,97.12835465262101,1
Corn_Common_Rust (75).jpg,0.04076049787990699,88.35131280260869,83.79176238542755,1
Corn_Common_Rust (1205).jpg,0.08961200838040682,90.48922461386893,119.89097865919379,1
Corn_Common_Rust (1231).jpg,0.0037792429190543677,54.927868915501,76.76889995473064,1
Corn_Common_Rust (137).jpg,0.04487902720320923,78.2979877275308,83.27035171552801,1
Corn_Common_Rust (64).jpg,0.014586044786626512,41.693898216133846,113.4395126771241,1
Corn_Common_Rust (1192).jpg,0.039145808391569455,94.44605525728562,84.76412054857012,1
Corn_Common_Rust (77).jpg,0.01876264211480784,67.02041578543752,80.15651176938556,1
IMG_20230429_180533.png,0.00957801766437684,72.30629652718076,69.09323270650044,1
Corn_Common_Rust (94).jpg,0.04485822132204014,98.87896146361687,86.52536580670004,1
Corn_Common_Rust (1241).jpg,0.08607698981688662,85.47162796279868,94.92511696149268,1
IMG_20230429_181744.png,0.0007952988998365219,71.81135941706631,54.852781926811055,1
Corn_Common_Rust (1216).jpg,0.06017502889628005,67.29832322332068,79.05690766778484,1
Corn_Common_Rust (9).jpg,0.14690154482637208,99.80117095882018,131.1787517606346,1
Corn_Common_Rust (152).jpg,0.15919349295451943,72.03494550392237,98.90972365791468,1
Corn_Common_Rust (145).jpg,0.09791332263242375,90.29363596249415,87.59308326577423,1
Corn_Common_Rust (1221).jpg,0.04235608965286534,91.32668358699007,88.22104214197677,1
Corn_Common_Rust (1243).jpg,0.0576694175527694,83.88911152844487,82.77810874222178,1
IMG_20230429_183159.png,0.007976298997265268,103.20543424000837,83.40326525216472,1
IMG_20230429_181016.png,0.007621204701273261,75.8700395113159,74.38782751956404,1
Corn_Common_Rust (1123).jpg,0.03768968630763406,75.7472771547745,97.9636070553954,1
Corn_Common_Rust (1217).jpg,0.16993924665856622,76.11440458323236,106.07219747587231,1
Corn_Common_Rust (1).jpg,0.2247797825997334,80.20576108608236,122.02273078056378,1
Corn_Common_Rust (1250).jpg,0.08905513641454807,104.17897042027718,75.93359383340807,1
Corn_Common_Rust (11).jpg,0.32476996198770547,89.60216967173093,111.30414526040093,1
IMG_20230429_181631.png,0.004728556892320584,74.82900827188219,58.28790657862558,1
Corn_Common_Rust (1219).jpg,0.012380538662033015,73.15243923375446,84.84225109434665,1
IMG_20230429_180421.png,0.01928766169731423,85.07479434197326,110.3941017945734,1
IMG_20230429_180708.png,7.213185703465936e-05,75.8750254008362,53.80580287410184,1
Corn_Common_Rust (1120).jpg,0.02831153370675051,57.507352362149234,86.97189915966386,1
IMG_20230429_181634.png,0.03238051417725887,92.57413904533263,66.68824604141291,1
Corn_Common_Rust (1180).jpg,0.14641580537005736,100.01554015267607,86.00213537130173,1
Corn_Common_Rust (150).jpg,0.019524316648917288,68.9097966036108,88.06722477497325,1
Corn_Common_Rust (42).jpg,0.04826596508012437,126.56749825506458,132.56349470469627,1
Corn_Common_Rust (105).jpg,0.0353277661058244,79.74326618171399,82.82017428043306,1
Corn_Common_Rust (1229).jpg,0.15638725477147497,90.39613766117897,102.90240531639614,1
IMG_20230429_181340.png,0.015262468203191243,76.99354720714524,58.861019388705444,1
Corn_Common_Rust (60).jpg,0.057856673241288625,55.10360007424269,112.669607768178,1
Corn_Common_Rust (1152).jpg,0.09170091537455632,83.09173180272995,96.70303578226114,1
IMG_20230429_180706.png,0.0027981058975462764,72.07128307060707,60.27518427518427,1
Corn_Common_Rust (1275).jpg,0.0025146297231102887,54.833779227206556,137.56027648497277,1
Corn_Common_Rust (126).jpg,0.11731401902527352,98.78047684527397,84.14913514639991,1
IMG_20230429_180527.png,0.01059322033898305,62.14417704608463,62.98285370035683,1
Corn_Common_Rust (1140).jpg,0.002864105720674321,70.7767258667156,73.19087398733059,1
Corn_Common_Rust (27).jpg,0.02778546407229696,46.9485187498289,78.32380745146394,1
IMG_20230429_182216.png,0.001001001001001001,81.45986005035186,51.58270709928388,1
Corn_Common_Rust (157).jpg,0.04080663167145673,91.28331479076283,65.65318829707427,1
Corn_Common_Rust (122).jpg,0.02115339798863453,76.29032108805957,74.77465804033231,1
Corn_Common_Rust (1109).jpg,0.003412826364607106,63.49114099507855,64.42117400866947,1
Corn_Common_Rust (52).jpg,0.0804024883840377,62.5786795706024,101.94252104361807,1
IMG_20230429_181803.png,0.0003820986769833309,69.0722008418322,48.905924011867164,1
Corn_Common_Rust (1149).jpg,0.015969312802655206,52.24007643093592,95.92760953404564,1
Corn_Common_Rust (1212).jpg,0.0885329774218663,83.26569246044504,96.32638577199282,1
Corn_Common_Rust (1199).jpg,0.029639499220674746,93.2001536569546,82.1188938231732,1
Corn_Common_Rust (1189).jpg,0.039076331630330315,95.57061217442862,96.40531399728407,1
Corn_Common_Rust (1112).jpg,0.053468645864889426,86.38898594376225,79.5449272650732,1
Corn_Common_Rust (1195).jpg,0.2620841281645058,115.420587766404,97.42542182968626,1
Corn_Common_Rust (1305).jpg,0.020314914775908795,52.1620348344934,87.2848831309407,1
IMG_20230429_181432.png,0.0125996171141089,80.53740941392951,66.53540266773643,1
IMG_20230429_180445.png,0.0014659449706811007,83.2601032002941,66.12534185450671,1
IMG_20230429_181801.png,0.000422230432258405,72.5660107429034,51.60012069343867,1
Corn_Common_Rust (1143).jpg,0.013287021722350866,75.67625255940763,94.77729984737061,1
Corn_Common_Rust (97).jpg,0.06817828251400125,108.67414410053837,79.98043721525057,1
IMG_20230429_180631.png,0.0018656716417910447,70.88630849103754,50.58083468395462,1
Corn_Common_Rust (16).jpg,0.019927903187353123,29.24993552886009,79.89143910675483,1
Corn_Common_Rust (1215).jpg,0.021503583930655108,76.56691991247078,82.46365549070178,1
Corn_Common_Rust (12).jpg,0.31797098539229957,51.23998990782319,152.0866234951154,1
IMG_20230429_181137.png,3.64126278993555e-05,72.3106868853535,49.46598236122434,1
IMG_20230429_174918.png,0.2667053616774287,149.33546271803345,117.15266937246332,1
IMG_20230429_181400.png,0.0023986141340558787,73.85066955124161,54.33746802451856,1
Corn_Common_Rust (65).jpg,0.005353794349564466,46.869391331123055,84.92587584947314,1
